date,Survey,Catch
2021-07-01,Sac Beach Seines,0
2021-07-01,Sac Beach Seines Index,0
2021-07-01,Sac Trawls,0
2021-07-01,Sac Trawls Index,0
2021-07-01,Chipps Island Trawls,0
2021-07-02,Sac Beach Seines,0
2021-07-02,Sac Beach Seines Index,0
2021-07-02,Sac Trawls,0
2021-07-02,Sac Trawls Index,0
2021-07-02,Chipps Island Trawls,0
2021-07-03,Sac Beach Seines,0
2021-07-03,Sac Beach Seines Index,0
2021-07-03,Sac Trawls,0
2021-07-03,Sac Trawls Index,0
2021-07-03,Chipps Island Trawls,0
2021-07-04,Sac Beach Seines,0
2021-07-04,Sac Beach Seines Index,0
2021-07-04,Sac Trawls,0
2021-07-04,Sac Trawls Index,0
2021-07-04,Chipps Island Trawls,0
2021-07-05,Sac Beach Seines,0
2021-07-05,Sac Beach Seines Index,0
2021-07-05,Sac Trawls,0
2021-07-05,Sac Trawls Index,0
2021-07-05,Chipps Island Trawls,0
2021-07-06,Sac Beach Seines,0
2021-07-06,Sac Beach Seines Index,0
2021-07-06,Sac Trawls,0
2021-07-06,Sac Trawls Index,0
2021-07-06,Chipps Island Trawls,0
2021-07-07,Sac Beach Seines,0
2021-07-07,Sac Beach Seines Index,0
2021-07-07,Sac Trawls,0
2021-07-07,Sac Trawls Index,0
2021-07-07,Chipps Island Trawls,0
2021-07-08,Sac Beach Seines,0
2021-07-08,Sac Beach Seines Index,0
2021-07-08,Sac Trawls,0
2021-07-08,Sac Trawls Index,0
2021-07-08,Chipps Island Trawls,0
2021-07-09,Sac Beach Seines,0
2021-07-09,Sac Beach Seines Index,0
2021-07-09,Sac Trawls,0
2021-07-09,Sac Trawls Index,0
2021-07-09,Chipps Island Trawls,0
2021-07-10,Sac Beach Seines,0
2021-07-10,Sac Beach Seines Index,0
2021-07-10,Sac Trawls,0
2021-07-10,Sac Trawls Index,0
2021-07-10,Chipps Island Trawls,0
2021-07-11,Sac Beach Seines,0
2021-07-11,Sac Beach Seines Index,0
2021-07-11,Sac Trawls,0
2021-07-11,Sac Trawls Index,0
2021-07-11,Chipps Island Trawls,0
2021-07-12,Sac Beach Seines,0
2021-07-12,Sac Beach Seines Index,0
2021-07-12,Sac Trawls,0
2021-07-12,Sac Trawls Index,0
2021-07-12,Chipps Island Trawls,0
2021-07-13,Sac Beach Seines,0
2021-07-13,Sac Beach Seines Index,0
2021-07-13,Sac Trawls,0
2021-07-13,Sac Trawls Index,0
2021-07-13,Chipps Island Trawls,0
2021-07-14,Sac Beach Seines,0
2021-07-14,Sac Beach Seines Index,0
2021-07-14,Sac Trawls,0
2021-07-14,Sac Trawls Index,0
2021-07-14,Chipps Island Trawls,0
2021-07-15,Sac Beach Seines,0
2021-07-15,Sac Beach Seines Index,0
2021-07-15,Sac Trawls,0
2021-07-15,Sac Trawls Index,0
2021-07-15,Chipps Island Trawls,0
2021-07-16,Sac Beach Seines,0
2021-07-16,Sac Beach Seines Index,0
2021-07-16,Sac Trawls,0
2021-07-16,Sac Trawls Index,0
2021-07-16,Chipps Island Trawls,0
2021-07-17,Sac Beach Seines,0
2021-07-17,Sac Beach Seines Index,0
2021-07-17,Sac Trawls,0
2021-07-17,Sac Trawls Index,0
2021-07-17,Chipps Island Trawls,0
2021-07-18,Sac Beach Seines,0
2021-07-18,Sac Beach Seines Index,0
2021-07-18,Sac Trawls,0
2021-07-18,Sac Trawls Index,0
2021-07-18,Chipps Island Trawls,0
2021-07-19,Sac Beach Seines,0
2021-07-19,Sac Beach Seines Index,0
2021-07-19,Sac Trawls,0
2021-07-19,Sac Trawls Index,0
2021-07-19,Chipps Island Trawls,0
2021-07-20,Sac Beach Seines,0
2021-07-20,Sac Beach Seines Index,0
2021-07-20,Sac Trawls,0
2021-07-20,Sac Trawls Index,0
2021-07-20,Chipps Island Trawls,0
2021-07-21,Sac Beach Seines,0
2021-07-21,Sac Beach Seines Index,0
2021-07-21,Sac Trawls,0
2021-07-21,Sac Trawls Index,0
2021-07-21,Chipps Island Trawls,0
2021-07-22,Sac Beach Seines,0
2021-07-22,Sac Beach Seines Index,0
2021-07-22,Sac Trawls,0
2021-07-22,Sac Trawls Index,0
2021-07-22,Chipps Island Trawls,0
2021-07-23,Sac Beach Seines,0
2021-07-23,Sac Beach Seines Index,0
2021-07-23,Sac Trawls,0
2021-07-23,Sac Trawls Index,0
2021-07-23,Chipps Island Trawls,0
2021-07-24,Sac Beach Seines,0
2021-07-24,Sac Beach Seines Index,0
2021-07-24,Sac Trawls,0
2021-07-24,Sac Trawls Index,0
2021-07-24,Chipps Island Trawls,0
2021-07-25,Sac Beach Seines,0
2021-07-25,Sac Beach Seines Index,0
2021-07-25,Sac Trawls,0
2021-07-25,Sac Trawls Index,0
2021-07-25,Chipps Island Trawls,0
2021-07-26,Sac Beach Seines,0
2021-07-26,Sac Beach Seines Index,0
2021-07-26,Sac Trawls,0
2021-07-26,Sac Trawls Index,0
2021-07-26,Chipps Island Trawls,0
2021-07-27,Sac Beach Seines,0
2021-07-27,Sac Beach Seines Index,0
2021-07-27,Sac Trawls,0
2021-07-27,Sac Trawls Index,0
2021-07-27,Chipps Island Trawls,0
2021-07-28,Sac Beach Seines,0
2021-07-28,Sac Beach Seines Index,0
2021-07-28,Sac Trawls,0
2021-07-28,Sac Trawls Index,0
2021-07-28,Chipps Island Trawls,0
2021-07-29,Sac Beach Seines,0
2021-07-29,Sac Beach Seines Index,0
2021-07-29,Sac Trawls,0
2021-07-29,Sac Trawls Index,0
2021-07-29,Chipps Island Trawls,0
2021-07-30,Sac Beach Seines,0
2021-07-30,Sac Beach Seines Index,0
2021-07-30,Sac Trawls,0
2021-07-30,Sac Trawls Index,0
2021-07-30,Chipps Island Trawls,0
2021-07-31,Sac Beach Seines,0
2021-07-31,Sac Beach Seines Index,0
2021-07-31,Sac Trawls,0
2021-07-31,Sac Trawls Index,0
2021-07-31,Chipps Island Trawls,0
2021-08-01,Sac Beach Seines,0
2021-08-01,Sac Beach Seines Index,0
2021-08-01,Sac Trawls,0
2021-08-01,Sac Trawls Index,0
2021-08-01,Chipps Island Trawls,0
2021-08-02,Sac Beach Seines,0
2021-08-02,Sac Beach Seines Index,0
2021-08-02,Sac Trawls,0
2021-08-02,Sac Trawls Index,0
2021-08-02,Chipps Island Trawls,0
2021-08-03,Sac Beach Seines,0
2021-08-03,Sac Beach Seines Index,0
2021-08-03,Sac Trawls,0
2021-08-03,Sac Trawls Index,0
2021-08-03,Chipps Island Trawls,0
2021-08-04,Sac Beach Seines,0
2021-08-04,Sac Beach Seines Index,0
2021-08-04,Sac Trawls,0
2021-08-04,Sac Trawls Index,0
2021-08-04,Chipps Island Trawls,0
2021-08-05,Sac Beach Seines,0
2021-08-05,Sac Beach Seines Index,0
2021-08-05,Sac Trawls,0
2021-08-05,Sac Trawls Index,0
2021-08-05,Chipps Island Trawls,0
2021-08-06,Sac Beach Seines,0
2021-08-06,Sac Beach Seines Index,0
2021-08-06,Sac Trawls,0
2021-08-06,Sac Trawls Index,0
2021-08-06,Chipps Island Trawls,0
2021-08-07,Sac Beach Seines,0
2021-08-07,Sac Beach Seines Index,0
2021-08-07,Sac Trawls,0
2021-08-07,Sac Trawls Index,0
2021-08-07,Chipps Island Trawls,0
2021-08-08,Sac Beach Seines,0
2021-08-08,Sac Beach Seines Index,0
2021-08-08,Sac Trawls,0
2021-08-08,Sac Trawls Index,0
2021-08-08,Chipps Island Trawls,0
2021-08-09,Sac Beach Seines,0
2021-08-09,Sac Beach Seines Index,0
2021-08-09,Sac Trawls,0
2021-08-09,Sac Trawls Index,0
2021-08-09,Chipps Island Trawls,0
2021-08-10,Sac Beach Seines,0
2021-08-10,Sac Beach Seines Index,0
2021-08-10,Sac Trawls,0
2021-08-10,Sac Trawls Index,0
2021-08-10,Chipps Island Trawls,0
2021-08-11,Sac Beach Seines,0
2021-08-11,Sac Beach Seines Index,0
2021-08-11,Sac Trawls,0
2021-08-11,Sac Trawls Index,0
2021-08-11,Chipps Island Trawls,0
2021-08-12,Sac Beach Seines,0
2021-08-12,Sac Beach Seines Index,0
2021-08-12,Sac Trawls,0
2021-08-12,Sac Trawls Index,0
2021-08-12,Chipps Island Trawls,0
2021-08-13,Sac Beach Seines,0
2021-08-13,Sac Beach Seines Index,0
2021-08-13,Sac Trawls,0
2021-08-13,Sac Trawls Index,0
2021-08-13,Chipps Island Trawls,0
2021-08-14,Sac Beach Seines,0
2021-08-14,Sac Beach Seines Index,0
2021-08-14,Sac Trawls,0
2021-08-14,Sac Trawls Index,0
2021-08-14,Chipps Island Trawls,0
2021-08-15,Sac Beach Seines,0
2021-08-15,Sac Beach Seines Index,0
2021-08-15,Sac Trawls,0
2021-08-15,Sac Trawls Index,0
2021-08-15,Chipps Island Trawls,0
2021-08-16,Sac Beach Seines,0
2021-08-16,Sac Beach Seines Index,0
2021-08-16,Sac Trawls,0
2021-08-16,Sac Trawls Index,0
2021-08-16,Chipps Island Trawls,0
2021-08-17,Sac Beach Seines,0
2021-08-17,Sac Beach Seines Index,0
2021-08-17,Sac Trawls,0
2021-08-17,Sac Trawls Index,0
2021-08-17,Chipps Island Trawls,0
2021-08-18,Sac Beach Seines,0
2021-08-18,Sac Beach Seines Index,0
2021-08-18,Sac Trawls,0
2021-08-18,Sac Trawls Index,0
2021-08-18,Chipps Island Trawls,0
2021-08-19,Sac Beach Seines,0
2021-08-19,Sac Beach Seines Index,0
2021-08-19,Sac Trawls,0
2021-08-19,Sac Trawls Index,0
2021-08-19,Chipps Island Trawls,0
2021-08-20,Sac Beach Seines,0
2021-08-20,Sac Beach Seines Index,0
2021-08-20,Sac Trawls,0
2021-08-20,Sac Trawls Index,0
2021-08-20,Chipps Island Trawls,0
2021-08-21,Sac Beach Seines,0
2021-08-21,Sac Beach Seines Index,0
2021-08-21,Sac Trawls,0
2021-08-21,Sac Trawls Index,0
2021-08-21,Chipps Island Trawls,0
2021-08-22,Sac Beach Seines,0
2021-08-22,Sac Beach Seines Index,0
2021-08-22,Sac Trawls,0
2021-08-22,Sac Trawls Index,0
2021-08-22,Chipps Island Trawls,0
2021-08-23,Sac Beach Seines,0
2021-08-23,Sac Beach Seines Index,0
2021-08-23,Sac Trawls,0
2021-08-23,Sac Trawls Index,0
2021-08-23,Chipps Island Trawls,0
2021-08-24,Sac Beach Seines,0
2021-08-24,Sac Beach Seines Index,0
2021-08-24,Sac Trawls,0
2021-08-24,Sac Trawls Index,0
2021-08-24,Chipps Island Trawls,0
2021-08-25,Sac Beach Seines,0
2021-08-25,Sac Beach Seines Index,0
2021-08-25,Sac Trawls,0
2021-08-25,Sac Trawls Index,0
2021-08-25,Chipps Island Trawls,0
2021-08-26,Sac Beach Seines,0
2021-08-26,Sac Beach Seines Index,0
2021-08-26,Sac Trawls,0
2021-08-26,Sac Trawls Index,0
2021-08-26,Chipps Island Trawls,0
2021-08-27,Sac Beach Seines,0
2021-08-27,Sac Beach Seines Index,0
2021-08-27,Sac Trawls,0
2021-08-27,Sac Trawls Index,0
2021-08-27,Chipps Island Trawls,0
2021-08-28,Sac Beach Seines,0
2021-08-28,Sac Beach Seines Index,0
2021-08-28,Sac Trawls,0
2021-08-28,Sac Trawls Index,0
2021-08-28,Chipps Island Trawls,0
2021-08-29,Sac Beach Seines,0
2021-08-29,Sac Beach Seines Index,0
2021-08-29,Sac Trawls,0
2021-08-29,Sac Trawls Index,0
2021-08-29,Chipps Island Trawls,0
2021-08-30,Sac Beach Seines,0
2021-08-30,Sac Beach Seines Index,0
2021-08-30,Sac Trawls,0
2021-08-30,Sac Trawls Index,0
2021-08-30,Chipps Island Trawls,0
2021-08-31,Sac Beach Seines,0
2021-08-31,Sac Beach Seines Index,0
2021-08-31,Sac Trawls,0
2021-08-31,Sac Trawls Index,0
2021-08-31,Chipps Island Trawls,0
2021-09-01,Sac Beach Seines,0
2021-09-01,Sac Beach Seines Index,0
2021-09-01,Sac Trawls,0
2021-09-01,Sac Trawls Index,0
2021-09-01,Chipps Island Trawls,0
2021-09-02,Sac Beach Seines,0
2021-09-02,Sac Beach Seines Index,0
2021-09-02,Sac Trawls,0
2021-09-02,Sac Trawls Index,0
2021-09-02,Chipps Island Trawls,0
2021-09-03,Sac Beach Seines,0
2021-09-03,Sac Beach Seines Index,0
2021-09-03,Sac Trawls,0
2021-09-03,Sac Trawls Index,0
2021-09-03,Chipps Island Trawls,0
2021-09-04,Sac Beach Seines,0
2021-09-04,Sac Beach Seines Index,0
2021-09-04,Sac Trawls,0
2021-09-04,Sac Trawls Index,0
2021-09-04,Chipps Island Trawls,0
2021-09-05,Sac Beach Seines,0
2021-09-05,Sac Beach Seines Index,0
2021-09-05,Sac Trawls,0
2021-09-05,Sac Trawls Index,0
2021-09-05,Chipps Island Trawls,0
2021-09-06,Sac Beach Seines,0
2021-09-06,Sac Beach Seines Index,0
2021-09-06,Sac Trawls,0
2021-09-06,Sac Trawls Index,0
2021-09-06,Chipps Island Trawls,0
2021-09-07,Sac Beach Seines,0
2021-09-07,Sac Beach Seines Index,0
2021-09-07,Sac Trawls,0
2021-09-07,Sac Trawls Index,0
2021-09-07,Chipps Island Trawls,0
2021-09-08,Sac Beach Seines,0
2021-09-08,Sac Beach Seines Index,0
2021-09-08,Sac Trawls,0
2021-09-08,Sac Trawls Index,0
2021-09-08,Chipps Island Trawls,0
2021-09-09,Sac Beach Seines,0
2021-09-09,Sac Beach Seines Index,0
2021-09-09,Sac Trawls,0
2021-09-09,Sac Trawls Index,0
2021-09-09,Chipps Island Trawls,0
2021-09-10,Sac Beach Seines,0
2021-09-10,Sac Beach Seines Index,0
2021-09-10,Sac Trawls,0
2021-09-10,Sac Trawls Index,0
2021-09-10,Chipps Island Trawls,0
2021-09-11,Sac Beach Seines,0
2021-09-11,Sac Beach Seines Index,0
2021-09-11,Sac Trawls,0
2021-09-11,Sac Trawls Index,0
2021-09-11,Chipps Island Trawls,0
2021-09-12,Sac Beach Seines,0
2021-09-12,Sac Beach Seines Index,0
2021-09-12,Sac Trawls,0
2021-09-12,Sac Trawls Index,0
2021-09-12,Chipps Island Trawls,0
2021-09-13,Sac Beach Seines,0
2021-09-13,Sac Beach Seines Index,0
2021-09-13,Sac Trawls,0
2021-09-13,Sac Trawls Index,0
2021-09-13,Chipps Island Trawls,0
2021-09-14,Sac Beach Seines,0
2021-09-14,Sac Beach Seines Index,0
2021-09-14,Sac Trawls,0
2021-09-14,Sac Trawls Index,0
2021-09-14,Chipps Island Trawls,0
2021-09-15,Sac Beach Seines,0
2021-09-15,Sac Beach Seines Index,0
2021-09-15,Sac Trawls,0
2021-09-15,Sac Trawls Index,0
2021-09-15,Chipps Island Trawls,0
2021-09-16,Sac Beach Seines,0
2021-09-16,Sac Beach Seines Index,0
2021-09-16,Sac Trawls,0
2021-09-16,Sac Trawls Index,0
2021-09-16,Chipps Island Trawls,0
2021-09-17,Sac Beach Seines,0
2021-09-17,Sac Beach Seines Index,0
2021-09-17,Sac Trawls,0
2021-09-17,Sac Trawls Index,0
2021-09-17,Chipps Island Trawls,0
2021-09-18,Sac Beach Seines,0
2021-09-18,Sac Beach Seines Index,0
2021-09-18,Sac Trawls,0
2021-09-18,Sac Trawls Index,0
2021-09-18,Chipps Island Trawls,0
2021-09-19,Sac Beach Seines,0
2021-09-19,Sac Beach Seines Index,0
2021-09-19,Sac Trawls,0
2021-09-19,Sac Trawls Index,0
2021-09-19,Chipps Island Trawls,0
2021-09-20,Sac Beach Seines,0
2021-09-20,Sac Beach Seines Index,0
2021-09-20,Sac Trawls,0
2021-09-20,Sac Trawls Index,0
2021-09-20,Chipps Island Trawls,0
2021-09-21,Sac Beach Seines,0
2021-09-21,Sac Beach Seines Index,0
2021-09-21,Sac Trawls,0
2021-09-21,Sac Trawls Index,0
2021-09-21,Chipps Island Trawls,0
2021-09-22,Sac Beach Seines,0
2021-09-22,Sac Beach Seines Index,0
2021-09-22,Sac Trawls,0
2021-09-22,Sac Trawls Index,0
2021-09-22,Chipps Island Trawls,0
2021-09-23,Sac Beach Seines,0
2021-09-23,Sac Beach Seines Index,0
2021-09-23,Sac Trawls,0
2021-09-23,Sac Trawls Index,0
2021-09-23,Chipps Island Trawls,0
2021-09-24,Sac Beach Seines,0
2021-09-24,Sac Beach Seines Index,0
2021-09-24,Sac Trawls,0
2021-09-24,Sac Trawls Index,0
2021-09-24,Chipps Island Trawls,0
2021-09-25,Sac Beach Seines,0
2021-09-25,Sac Beach Seines Index,0
2021-09-25,Sac Trawls,0
2021-09-25,Sac Trawls Index,0
2021-09-25,Chipps Island Trawls,0
2021-09-26,Sac Beach Seines,0
2021-09-26,Sac Beach Seines Index,0
2021-09-26,Sac Trawls,0
2021-09-26,Sac Trawls Index,0
2021-09-26,Chipps Island Trawls,0
2021-09-27,Sac Beach Seines,0
2021-09-27,Sac Beach Seines Index,0
2021-09-27,Sac Trawls,0
2021-09-27,Sac Trawls Index,0
2021-09-27,Chipps Island Trawls,0
2021-09-28,Sac Beach Seines,0
2021-09-28,Sac Beach Seines Index,0
2021-09-28,Sac Trawls,0
2021-09-28,Sac Trawls Index,0
2021-09-28,Chipps Island Trawls,0
2021-09-29,Sac Beach Seines,0
2021-09-29,Sac Beach Seines Index,0
2021-09-29,Sac Trawls,0
2021-09-29,Sac Trawls Index,0
2021-09-29,Chipps Island Trawls,0
2021-09-30,Sac Beach Seines,0
2021-09-30,Sac Beach Seines Index,0
2021-09-30,Sac Trawls,0
2021-09-30,Sac Trawls Index,0
2021-09-30,Chipps Island Trawls,0
2021-10-01,Sac Beach Seines,0
2021-10-01,Sac Beach Seines Index,0
2021-10-01,Sac Trawls,0
2021-10-01,Sac Trawls Index,0
2021-10-01,Chipps Island Trawls,0
2021-10-02,Sac Beach Seines,0
2021-10-02,Sac Beach Seines Index,0
2021-10-02,Sac Trawls,0
2021-10-02,Sac Trawls Index,0
2021-10-02,Chipps Island Trawls,0
2021-10-03,Sac Beach Seines,0
2021-10-03,Sac Beach Seines Index,0
2021-10-03,Sac Trawls,0
2021-10-03,Sac Trawls Index,0
2021-10-03,Chipps Island Trawls,0
2021-10-04,Sac Beach Seines,0
2021-10-04,Sac Beach Seines Index,0
2021-10-04,Sac Trawls,0
2021-10-04,Sac Trawls Index,0
2021-10-04,Chipps Island Trawls,0
2021-10-05,Sac Beach Seines,0
2021-10-05,Sac Beach Seines Index,0
2021-10-05,Sac Trawls,0
2021-10-05,Sac Trawls Index,0
2021-10-05,Chipps Island Trawls,0
2021-10-06,Sac Beach Seines,0
2021-10-06,Sac Beach Seines Index,0
2021-10-06,Sac Trawls,0
2021-10-06,Sac Trawls Index,0
2021-10-06,Chipps Island Trawls,0
2021-10-07,Sac Beach Seines,0
2021-10-07,Sac Beach Seines Index,0
2021-10-07,Sac Trawls,0
2021-10-07,Sac Trawls Index,0
2021-10-07,Chipps Island Trawls,0
2021-10-08,Sac Beach Seines,1
2021-10-08,Sac Beach Seines Index,2.7
2021-10-08,Sac Trawls,0
2021-10-08,Sac Trawls Index,0
2021-10-08,Chipps Island Trawls,0
2021-10-09,Sac Beach Seines,0
2021-10-09,Sac Beach Seines Index,0
2021-10-09,Sac Trawls,0
2021-10-09,Sac Trawls Index,0
2021-10-09,Chipps Island Trawls,0
2021-10-10,Sac Beach Seines,0
2021-10-10,Sac Beach Seines Index,0
2021-10-10,Sac Trawls,0
2021-10-10,Sac Trawls Index,0
2021-10-10,Chipps Island Trawls,0
2021-10-11,Sac Beach Seines,0
2021-10-11,Sac Beach Seines Index,0
2021-10-11,Sac Trawls,0
2021-10-11,Sac Trawls Index,0
2021-10-11,Chipps Island Trawls,0
2021-10-12,Sac Beach Seines,1
2021-10-12,Sac Beach Seines Index,2.7
2021-10-12,Sac Trawls,0
2021-10-12,Sac Trawls Index,0
2021-10-12,Chipps Island Trawls,0
2021-10-13,Sac Beach Seines,1
2021-10-13,Sac Beach Seines Index,2.7
2021-10-13,Sac Trawls,0
2021-10-13,Sac Trawls Index,0
2021-10-13,Chipps Island Trawls,0
2021-10-14,Sac Beach Seines,0
2021-10-14,Sac Beach Seines Index,0
2021-10-14,Sac Trawls,0
2021-10-14,Sac Trawls Index,0
2021-10-14,Chipps Island Trawls,0
2021-10-15,Sac Beach Seines,1
2021-10-15,Sac Beach Seines Index,2.7
2021-10-15,Sac Trawls,0
2021-10-15,Sac Trawls Index,0
2021-10-15,Chipps Island Trawls,0
2021-10-16,Sac Beach Seines,0
2021-10-16,Sac Beach Seines Index,0
2021-10-16,Sac Trawls,0
2021-10-16,Sac Trawls Index,0
2021-10-16,Chipps Island Trawls,0
2021-10-17,Sac Beach Seines,0
2021-10-17,Sac Beach Seines Index,0
2021-10-17,Sac Trawls,0
2021-10-17,Sac Trawls Index,0
2021-10-17,Chipps Island Trawls,0
2021-10-18,Sac Beach Seines,2
2021-10-18,Sac Beach Seines Index,4
2021-10-18,Sac Trawls,0
2021-10-18,Sac Trawls Index,0
2021-10-18,Chipps Island Trawls,0
2021-10-19,Sac Beach Seines,0
2021-10-19,Sac Beach Seines Index,0
2021-10-19,Sac Trawls,0
2021-10-19,Sac Trawls Index,0
2021-10-19,Chipps Island Trawls,0
2021-10-20,Sac Beach Seines,2
2021-10-20,Sac Beach Seines Index,4
2021-10-20,Sac Trawls,0
2021-10-20,Sac Trawls Index,0
2021-10-20,Chipps Island Trawls,0
2021-10-21,Sac Beach Seines,0
2021-10-21,Sac Beach Seines Index,0
2021-10-21,Sac Trawls,0
2021-10-21,Sac Trawls Index,0
2021-10-21,Chipps Island Trawls,0
2021-10-22,Sac Beach Seines,2
2021-10-22,Sac Beach Seines Index,4
2021-10-22,Sac Trawls,0
2021-10-22,Sac Trawls Index,0
2021-10-22,Chipps Island Trawls,0
2021-10-23,Sac Beach Seines,0
2021-10-23,Sac Beach Seines Index,0
2021-10-23,Sac Trawls,0
2021-10-23,Sac Trawls Index,0
2021-10-23,Chipps Island Trawls,0
2021-10-24,Sac Beach Seines,0
2021-10-24,Sac Beach Seines Index,0
2021-10-24,Sac Trawls,0
2021-10-24,Sac Trawls Index,0
2021-10-24,Chipps Island Trawls,0
2021-10-25,Sac Beach Seines,3
2021-10-25,Sac Beach Seines Index,5.6
2021-10-25,Sac Trawls,0
2021-10-25,Sac Trawls Index,0
2021-10-25,Chipps Island Trawls,0
2021-10-26,Sac Beach Seines,0
2021-10-26,Sac Beach Seines Index,0
2021-10-26,Sac Trawls,0
2021-10-26,Sac Trawls Index,0
2021-10-26,Chipps Island Trawls,0
2021-10-27,Sac Beach Seines,9
2021-10-27,Sac Beach Seines Index,15.2
2021-10-27,Sac Trawls,8
2021-10-27,Sac Trawls Index,8
2021-10-27,Chipps Island Trawls,0
2021-10-28,Sac Beach Seines,0
2021-10-28,Sac Beach Seines Index,0
2021-10-28,Sac Trawls,0
2021-10-28,Sac Trawls Index,0
2021-10-28,Chipps Island Trawls,0
2021-10-29,Sac Beach Seines,9
2021-10-29,Sac Beach Seines Index,15.2
2021-10-29,Sac Trawls,15
2021-10-29,Sac Trawls Index,15
2021-10-29,Chipps Island Trawls,0
2021-10-30,Sac Beach Seines,0
2021-10-30,Sac Beach Seines Index,0
2021-10-30,Sac Trawls,0
2021-10-30,Sac Trawls Index,0
2021-10-30,Chipps Island Trawls,0
2021-10-31,Sac Beach Seines,0
2021-10-31,Sac Beach Seines Index,0
2021-10-31,Sac Trawls,0
2021-10-31,Sac Trawls Index,0
2021-10-31,Chipps Island Trawls,0
2021-11-01,Sac Beach Seines,15
2021-11-01,Sac Beach Seines Index,31.2
2021-11-01,Sac Trawls,15
2021-11-01,Sac Trawls Index,15
2021-11-01,Chipps Island Trawls,1
2021-11-02,Sac Beach Seines,0
2021-11-02,Sac Beach Seines Index,0
2021-11-02,Sac Trawls,0
2021-11-02,Sac Trawls Index,0
2021-11-02,Chipps Island Trawls,0
2021-11-03,Sac Beach Seines,15
2021-11-03,Sac Beach Seines Index,31.2
2021-11-03,Sac Trawls,15
2021-11-03,Sac Trawls Index,15
2021-11-03,Chipps Island Trawls,1
2021-11-04,Sac Beach Seines,0
2021-11-04,Sac Beach Seines Index,0
2021-11-04,Sac Trawls,0
2021-11-04,Sac Trawls Index,0
2021-11-04,Chipps Island Trawls,0
2021-11-05,Sac Beach Seines,15
2021-11-05,Sac Beach Seines Index,31.2
2021-11-05,Sac Trawls,15
2021-11-05,Sac Trawls Index,15
2021-11-05,Chipps Island Trawls,1
2021-11-06,Sac Beach Seines,0
2021-11-06,Sac Beach Seines Index,0
2021-11-06,Sac Trawls,0
2021-11-06,Sac Trawls Index,0
2021-11-06,Chipps Island Trawls,0
2021-11-07,Sac Beach Seines,0
2021-11-07,Sac Beach Seines Index,0
2021-11-07,Sac Trawls,0
2021-11-07,Sac Trawls Index,0
2021-11-07,Chipps Island Trawls,0
2021-11-08,Sac Beach Seines,15
2021-11-08,Sac Beach Seines Index,31.2
2021-11-08,Sac Trawls,15
2021-11-08,Sac Trawls Index,15
2021-11-08,Chipps Island Trawls,1
2021-11-09,Sac Beach Seines,0
2021-11-09,Sac Beach Seines Index,0
2021-11-09,Sac Trawls,0
2021-11-09,Sac Trawls Index,0
2021-11-09,Chipps Island Trawls,0
2021-11-10,Sac Beach Seines,16
2021-11-10,Sac Beach Seines Index,33.9
2021-11-10,Sac Trawls,16
2021-11-10,Sac Trawls Index,16
2021-11-10,Chipps Island Trawls,1
2021-11-11,Sac Beach Seines,0
2021-11-11,Sac Beach Seines Index,0
2021-11-11,Sac Trawls,0
2021-11-11,Sac Trawls Index,0
2021-11-11,Chipps Island Trawls,0
2021-11-12,Sac Beach Seines,17
2021-11-12,Sac Beach Seines Index,35.9
2021-11-12,Sac Trawls,18
2021-11-12,Sac Trawls Index,18
2021-11-12,Chipps Island Trawls,0
2021-11-13,Sac Beach Seines,0
2021-11-13,Sac Beach Seines Index,0
2021-11-13,Sac Trawls,0
2021-11-13,Sac Trawls Index,0
2021-11-13,Chipps Island Trawls,0
2021-11-14,Sac Beach Seines,0
2021-11-14,Sac Beach Seines Index,0
2021-11-14,Sac Trawls,0
2021-11-14,Sac Trawls Index,0
2021-11-14,Chipps Island Trawls,0
2021-11-15,Sac Beach Seines,17
2021-11-15,Sac Beach Seines Index,35.9
2021-11-15,Sac Trawls,18
2021-11-15,Sac Trawls Index,18
2021-11-15,Chipps Island Trawls,1
2021-11-16,Sac Beach Seines,0
2021-11-16,Sac Beach Seines Index,0
2021-11-16,Sac Trawls,0
2021-11-16,Sac Trawls Index,0
2021-11-16,Chipps Island Trawls,0
2021-11-17,Sac Beach Seines,17
2021-11-17,Sac Beach Seines Index,35.9
2021-11-17,Sac Trawls,18
2021-11-17,Sac Trawls Index,18
2021-11-17,Chipps Island Trawls,1
2021-11-18,Sac Beach Seines,0
2021-11-18,Sac Beach Seines Index,0
2021-11-18,Sac Trawls,0
2021-11-18,Sac Trawls Index,0
2021-11-18,Chipps Island Trawls,0
2021-11-19,Sac Beach Seines,17
2021-11-19,Sac Beach Seines Index,35.9
2021-11-19,Sac Trawls,18
2021-11-19,Sac Trawls Index,18
2021-11-19,Chipps Island Trawls,1
2021-11-20,Sac Beach Seines,0
2021-11-20,Sac Beach Seines Index,0
2021-11-20,Sac Trawls,0
2021-11-20,Sac Trawls Index,0
2021-11-20,Chipps Island Trawls,0
2021-11-21,Sac Beach Seines,0
2021-11-21,Sac Beach Seines Index,0
2021-11-21,Sac Trawls,0
2021-11-21,Sac Trawls Index,0
2021-11-21,Chipps Island Trawls,0
2021-11-22,Sac Beach Seines,17
2021-11-22,Sac Beach Seines Index,35.9
2021-11-22,Sac Trawls,18
2021-11-22,Sac Trawls Index,18
2021-11-22,Chipps Island Trawls,1
2021-11-23,Sac Beach Seines,0
2021-11-23,Sac Beach Seines Index,0
2021-11-23,Sac Trawls,0
2021-11-23,Sac Trawls Index,0
2021-11-23,Chipps Island Trawls,0
2021-11-24,Sac Beach Seines,17
2021-11-24,Sac Beach Seines Index,35.9
2021-11-24,Sac Trawls,18
2021-11-24,Sac Trawls Index,18
2021-11-24,Chipps Island Trawls,1
2021-11-25,Sac Beach Seines,0
2021-11-25,Sac Beach Seines Index,0
2021-11-25,Sac Trawls,0
2021-11-25,Sac Trawls Index,0
2021-11-25,Chipps Island Trawls,0
2021-11-26,Sac Beach Seines,17
2021-11-26,Sac Beach Seines Index,35.9
2021-11-26,Sac Trawls,18
2021-11-26,Sac Trawls Index,18
2021-11-26,Chipps Island Trawls,1
2021-11-27,Sac Beach Seines,0
2021-11-27,Sac Beach Seines Index,0
2021-11-27,Sac Trawls,0
2021-11-27,Sac Trawls Index,0
2021-11-27,Chipps Island Trawls,0
2021-11-28,Sac Beach Seines,0
2021-11-28,Sac Beach Seines Index,0
2021-11-28,Sac Trawls,0
2021-11-28,Sac Trawls Index,0
2021-11-28,Chipps Island Trawls,0
2021-11-29,Sac Beach Seines,17
2021-11-29,Sac Beach Seines Index,35.9
2021-11-29,Sac Trawls,18
2021-11-29,Sac Trawls Index,18
2021-11-29,Chipps Island Trawls,1
2021-11-30,Sac Beach Seines,0
2021-11-30,Sac Beach Seines Index,0
2021-11-30,Sac Trawls,0
2021-11-30,Sac Trawls Index,0
2021-11-30,Chipps Island Trawls,0
2021-12-01,Sac Beach Seines,17
2021-12-01,Sac Beach Seines Index,35.9
2021-12-01,Sac Trawls,19
2021-12-01,Sac Trawls Index,19
2021-12-01,Chipps Island Trawls,1
2021-12-02,Sac Beach Seines,0
2021-12-02,Sac Beach Seines Index,0
2021-12-02,Sac Trawls,0
2021-12-02,Sac Trawls Index,0
2021-12-02,Chipps Island Trawls,0
2021-12-03,Sac Beach Seines,17
2021-12-03,Sac Beach Seines Index,35.9
2021-12-03,Sac Trawls,19
2021-12-03,Sac Trawls Index,19
2021-12-03,Chipps Island Trawls,1
2021-12-04,Sac Beach Seines,0
2021-12-04,Sac Beach Seines Index,0
2021-12-04,Sac Trawls,0
2021-12-04,Sac Trawls Index,0
2021-12-04,Chipps Island Trawls,0
2021-12-05,Sac Beach Seines,0
2021-12-05,Sac Beach Seines Index,0
2021-12-05,Sac Trawls,19
2021-12-05,Sac Trawls Index,19
2021-12-05,Chipps Island Trawls,1
2021-12-06,Sac Beach Seines,17
2021-12-06,Sac Beach Seines Index,35.9
2021-12-06,Sac Trawls,19
2021-12-06,Sac Trawls Index,19
2021-12-06,Chipps Island Trawls,1
2021-12-07,Sac Beach Seines,0
2021-12-07,Sac Beach Seines Index,0
2021-12-07,Sac Trawls,19
2021-12-07,Sac Trawls Index,19
2021-12-07,Chipps Island Trawls,1
2021-12-08,Sac Beach Seines,17
2021-12-08,Sac Beach Seines Index,35.9
2021-12-08,Sac Trawls,0
2021-12-08,Sac Trawls Index,0
2021-12-08,Chipps Island Trawls,0
2021-12-09,Sac Beach Seines,0
2021-12-09,Sac Beach Seines Index,0
2021-12-09,Sac Trawls,19
2021-12-09,Sac Trawls Index,19
2021-12-09,Chipps Island Trawls,1
2021-12-10,Sac Beach Seines,17
2021-12-10,Sac Beach Seines Index,35.9
2021-12-10,Sac Trawls,19
2021-12-10,Sac Trawls Index,19
2021-12-10,Chipps Island Trawls,1
2021-12-11,Sac Beach Seines,0
2021-12-11,Sac Beach Seines Index,0
2021-12-11,Sac Trawls,0
2021-12-11,Sac Trawls Index,0
2021-12-11,Chipps Island Trawls,0
2021-12-12,Sac Beach Seines,0
2021-12-12,Sac Beach Seines Index,0
2021-12-12,Sac Trawls,19
2021-12-12,Sac Trawls Index,19
2021-12-12,Chipps Island Trawls,1
2021-12-13,Sac Beach Seines,17
2021-12-13,Sac Beach Seines Index,35.9
2021-12-13,Sac Trawls,19
2021-12-13,Sac Trawls Index,19
2021-12-13,Chipps Island Trawls,1
2021-12-14,Sac Beach Seines,0
2021-12-14,Sac Beach Seines Index,0
2021-12-14,Sac Trawls,19
2021-12-14,Sac Trawls Index,19
2021-12-14,Chipps Island Trawls,1
2021-12-15,Sac Beach Seines,18
2021-12-15,Sac Beach Seines Index,37.9
2021-12-15,Sac Trawls,0
2021-12-15,Sac Trawls Index,0
2021-12-15,Chipps Island Trawls,0
2021-12-16,Sac Beach Seines,0
2021-12-16,Sac Beach Seines Index,0
2021-12-16,Sac Trawls,19
2021-12-16,Sac Trawls Index,19
2021-12-16,Chipps Island Trawls,1
2021-12-17,Sac Beach Seines,20
2021-12-17,Sac Beach Seines Index,41.9
2021-12-17,Sac Trawls,19
2021-12-17,Sac Trawls Index,19
2021-12-17,Chipps Island Trawls,0
2021-12-18,Sac Beach Seines,0
2021-12-18,Sac Beach Seines Index,0
2021-12-18,Sac Trawls,0
2021-12-18,Sac Trawls Index,0
2021-12-18,Chipps Island Trawls,0
2021-12-19,Sac Beach Seines,0
2021-12-19,Sac Beach Seines Index,0
2021-12-19,Sac Trawls,19
2021-12-19,Sac Trawls Index,19
2021-12-19,Chipps Island Trawls,1
2021-12-20,Sac Beach Seines,20
2021-12-20,Sac Beach Seines Index,41.9
2021-12-20,Sac Trawls,19
2021-12-20,Sac Trawls Index,19
2021-12-20,Chipps Island Trawls,1
2021-12-21,Sac Beach Seines,0
2021-12-21,Sac Beach Seines Index,0
2021-12-21,Sac Trawls,19
2021-12-21,Sac Trawls Index,19
2021-12-21,Chipps Island Trawls,1
2021-12-22,Sac Beach Seines,20
2021-12-22,Sac Beach Seines Index,41.9
2021-12-22,Sac Trawls,19
2021-12-22,Sac Trawls Index,19
2021-12-22,Chipps Island Trawls,1
2021-12-23,Sac Beach Seines,21
2021-12-23,Sac Beach Seines Index,43.5
2021-12-23,Sac Trawls,19
2021-12-23,Sac Trawls Index,19
2021-12-23,Chipps Island Trawls,1
2021-12-24,Sac Beach Seines,0
2021-12-24,Sac Beach Seines Index,0
2021-12-24,Sac Trawls,0
2021-12-24,Sac Trawls Index,0
2021-12-24,Chipps Island Trawls,0
2021-12-25,Sac Beach Seines,0
2021-12-25,Sac Beach Seines Index,0
2021-12-25,Sac Trawls,0
2021-12-25,Sac Trawls Index,0
2021-12-25,Chipps Island Trawls,0
2021-12-26,Sac Beach Seines,0
2021-12-26,Sac Beach Seines Index,0
2021-12-26,Sac Trawls,20
2021-12-26,Sac Trawls Index,20
2021-12-26,Chipps Island Trawls,1
2021-12-27,Sac Beach Seines,21
2021-12-27,Sac Beach Seines Index,43.5
2021-12-27,Sac Trawls,21
2021-12-27,Sac Trawls Index,21
2021-12-27,Chipps Island Trawls,1
2021-12-28,Sac Beach Seines,0
2021-12-28,Sac Beach Seines Index,0
2021-12-28,Sac Trawls,21
2021-12-28,Sac Trawls Index,21
2021-12-28,Chipps Island Trawls,2
2021-12-29,Sac Beach Seines,21
2021-12-29,Sac Beach Seines Index,43.5
2021-12-29,Sac Trawls,21
2021-12-29,Sac Trawls Index,21
2021-12-29,Chipps Island Trawls,2
2021-12-30,Sac Beach Seines,0
2021-12-30,Sac Beach Seines Index,0
2021-12-30,Sac Trawls,0
2021-12-30,Sac Trawls Index,0
2021-12-30,Chipps Island Trawls,0
2021-12-31,Sac Beach Seines,0
2021-12-31,Sac Beach Seines Index,0
2021-12-31,Sac Trawls,0
2021-12-31,Sac Trawls Index,0
2021-12-31,Chipps Island Trawls,0
2022-01-01,Sac Beach Seines,0
2022-01-01,Sac Beach Seines Index,0
2022-01-01,Sac Trawls,0
2022-01-01,Sac Trawls Index,0
2022-01-01,Chipps Island Trawls,0
2022-01-02,Sac Beach Seines,0
2022-01-02,Sac Beach Seines Index,0
2022-01-02,Sac Trawls,21
2022-01-02,Sac Trawls Index,21
2022-01-02,Chipps Island Trawls,2
2022-01-03,Sac Beach Seines,0
2022-01-03,Sac Beach Seines Index,0
2022-01-03,Sac Trawls,21
2022-01-03,Sac Trawls Index,21
2022-01-03,Chipps Island Trawls,2
2022-01-04,Sac Beach Seines,0
2022-01-04,Sac Beach Seines Index,0
2022-01-04,Sac Trawls,21
2022-01-04,Sac Trawls Index,21
2022-01-04,Chipps Island Trawls,2
2022-01-05,Sac Beach Seines,21
2022-01-05,Sac Beach Seines Index,43.5
2022-01-05,Sac Trawls,0
2022-01-05,Sac Trawls Index,0
2022-01-05,Chipps Island Trawls,0
2022-01-06,Sac Beach Seines,0
2022-01-06,Sac Beach Seines Index,0
2022-01-06,Sac Trawls,21
2022-01-06,Sac Trawls Index,21
2022-01-06,Chipps Island Trawls,2
2022-01-07,Sac Beach Seines,0
2022-01-07,Sac Beach Seines Index,0
2022-01-07,Sac Trawls,21
2022-01-07,Sac Trawls Index,21
2022-01-07,Chipps Island Trawls,2
2022-01-08,Sac Beach Seines,0
2022-01-08,Sac Beach Seines Index,0
2022-01-08,Sac Trawls,0
2022-01-08,Sac Trawls Index,0
2022-01-08,Chipps Island Trawls,0
2022-01-09,Sac Beach Seines,0
2022-01-09,Sac Beach Seines Index,0
2022-01-09,Sac Trawls,0
2022-01-09,Sac Trawls Index,0
2022-01-09,Chipps Island Trawls,2
2022-01-10,Sac Beach Seines,0
2022-01-10,Sac Beach Seines Index,0
2022-01-10,Sac Trawls,21
2022-01-10,Sac Trawls Index,21
2022-01-10,Chipps Island Trawls,2
2022-01-11,Sac Beach Seines,0
2022-01-11,Sac Beach Seines Index,0
2022-01-11,Sac Trawls,21
2022-01-11,Sac Trawls Index,21
2022-01-11,Chipps Island Trawls,2
2022-01-12,Sac Beach Seines,21
2022-01-12,Sac Beach Seines Index,43.5
2022-01-12,Sac Trawls,21
2022-01-12,Sac Trawls Index,21
2022-01-12,Chipps Island Trawls,0
2022-01-13,Sac Beach Seines,0
2022-01-13,Sac Beach Seines Index,0
2022-01-13,Sac Trawls,21
2022-01-13,Sac Trawls Index,21
2022-01-13,Chipps Island Trawls,2
2022-01-14,Sac Beach Seines,0
2022-01-14,Sac Beach Seines Index,0
2022-01-14,Sac Trawls,21
2022-01-14,Sac Trawls Index,21
2022-01-14,Chipps Island Trawls,2
2022-01-15,Sac Beach Seines,0
2022-01-15,Sac Beach Seines Index,0
2022-01-15,Sac Trawls,0
2022-01-15,Sac Trawls Index,0
2022-01-15,Chipps Island Trawls,0
2022-01-16,Sac Beach Seines,0
2022-01-16,Sac Beach Seines Index,0
2022-01-16,Sac Trawls,21
2022-01-16,Sac Trawls Index,21
2022-01-16,Chipps Island Trawls,2
2022-01-17,Sac Beach Seines,0
2022-01-17,Sac Beach Seines Index,0
2022-01-17,Sac Trawls,0
2022-01-17,Sac Trawls Index,0
2022-01-17,Chipps Island Trawls,0
2022-01-18,Sac Beach Seines,0
2022-01-18,Sac Beach Seines Index,0
2022-01-18,Sac Trawls,21
2022-01-18,Sac Trawls Index,21
2022-01-18,Chipps Island Trawls,2
2022-01-19,Sac Beach Seines,21
2022-01-19,Sac Beach Seines Index,43.5
2022-01-19,Sac Trawls,21
2022-01-19,Sac Trawls Index,21
2022-01-19,Chipps Island Trawls,2
2022-01-20,Sac Beach Seines,0
2022-01-20,Sac Beach Seines Index,0
2022-01-20,Sac Trawls,0
2022-01-20,Sac Trawls Index,0
2022-01-20,Chipps Island Trawls,0
2022-01-21,Sac Beach Seines,0
2022-01-21,Sac Beach Seines Index,0
2022-01-21,Sac Trawls,0
2022-01-21,Sac Trawls Index,0
2022-01-21,Chipps Island Trawls,0
2022-01-22,Sac Beach Seines,0
2022-01-22,Sac Beach Seines Index,0
2022-01-22,Sac Trawls,0
2022-01-22,Sac Trawls Index,0
2022-01-22,Chipps Island Trawls,0
2022-01-23,Sac Beach Seines,0
2022-01-23,Sac Beach Seines Index,0
2022-01-23,Sac Trawls,0
2022-01-23,Sac Trawls Index,0
2022-01-23,Chipps Island Trawls,2
2022-01-24,Sac Beach Seines,0
2022-01-24,Sac Beach Seines Index,0
2022-01-24,Sac Trawls,0
2022-01-24,Sac Trawls Index,0
2022-01-24,Chipps Island Trawls,2
2022-01-25,Sac Beach Seines,0
2022-01-25,Sac Beach Seines Index,0
2022-01-25,Sac Trawls,0
2022-01-25,Sac Trawls Index,0
2022-01-25,Chipps Island Trawls,2
2022-01-26,Sac Beach Seines,21
2022-01-26,Sac Beach Seines Index,43.5
2022-01-26,Sac Trawls,21
2022-01-26,Sac Trawls Index,21
2022-01-26,Chipps Island Trawls,0
2022-01-27,Sac Beach Seines,0
2022-01-27,Sac Beach Seines Index,0
2022-01-27,Sac Trawls,21
2022-01-27,Sac Trawls Index,21
2022-01-27,Chipps Island Trawls,2
2022-01-28,Sac Beach Seines,0
2022-01-28,Sac Beach Seines Index,0
2022-01-28,Sac Trawls,21
2022-01-28,Sac Trawls Index,21
2022-01-28,Chipps Island Trawls,2
2022-01-29,Sac Beach Seines,0
2022-01-29,Sac Beach Seines Index,0
2022-01-29,Sac Trawls,0
2022-01-29,Sac Trawls Index,0
2022-01-29,Chipps Island Trawls,0
2022-01-30,Sac Beach Seines,0
2022-01-30,Sac Beach Seines Index,0
2022-01-30,Sac Trawls,21
2022-01-30,Sac Trawls Index,21
2022-01-30,Chipps Island Trawls,2
2022-01-31,Sac Beach Seines,21
2022-01-31,Sac Beach Seines Index,43.5
2022-01-31,Sac Trawls,21
2022-01-31,Sac Trawls Index,21
2022-01-31,Chipps Island Trawls,2
2022-02-01,Sac Beach Seines,0
2022-02-01,Sac Beach Seines Index,0
2022-02-01,Sac Trawls,21
2022-02-01,Sac Trawls Index,21
2022-02-01,Chipps Island Trawls,2
2022-02-02,Sac Beach Seines,0
2022-02-02,Sac Beach Seines Index,0
2022-02-02,Sac Trawls,0
2022-02-02,Sac Trawls Index,0
2022-02-02,Chipps Island Trawls,0
2022-02-03,Sac Beach Seines,0
2022-02-03,Sac Beach Seines Index,0
2022-02-03,Sac Trawls,0
2022-02-03,Sac Trawls Index,0
2022-02-03,Chipps Island Trawls,2
2022-02-04,Sac Beach Seines,21
2022-02-04,Sac Beach Seines Index,43.5
2022-02-04,Sac Trawls,0
2022-02-04,Sac Trawls Index,0
2022-02-04,Chipps Island Trawls,2
2022-02-05,Sac Beach Seines,0
2022-02-05,Sac Beach Seines Index,0
2022-02-05,Sac Trawls,0
2022-02-05,Sac Trawls Index,0
2022-02-05,Chipps Island Trawls,0
2022-02-06,Sac Beach Seines,0
2022-02-06,Sac Beach Seines Index,0
2022-02-06,Sac Trawls,0
2022-02-06,Sac Trawls Index,0
2022-02-06,Chipps Island Trawls,0
2022-02-07,Sac Beach Seines,0
2022-02-07,Sac Beach Seines Index,0
2022-02-07,Sac Trawls,21
2022-02-07,Sac Trawls Index,21
2022-02-07,Chipps Island Trawls,2
2022-02-08,Sac Beach Seines,21
2022-02-08,Sac Beach Seines Index,43.5
2022-02-08,Sac Trawls,21
2022-02-08,Sac Trawls Index,21
2022-02-08,Chipps Island Trawls,2
2022-02-09,Sac Beach Seines,0
2022-02-09,Sac Beach Seines Index,0
2022-02-09,Sac Trawls,21
2022-02-09,Sac Trawls Index,21
2022-02-09,Chipps Island Trawls,2
2022-02-10,Sac Beach Seines,0
2022-02-10,Sac Beach Seines Index,0
2022-02-10,Sac Trawls,21
2022-02-10,Sac Trawls Index,21
2022-02-10,Chipps Island Trawls,2
2022-02-11,Sac Beach Seines,21
2022-02-11,Sac Beach Seines Index,43.5
2022-02-11,Sac Trawls,21
2022-02-11,Sac Trawls Index,21
2022-02-11,Chipps Island Trawls,2
2022-02-12,Sac Beach Seines,0
2022-02-12,Sac Beach Seines Index,0
2022-02-12,Sac Trawls,0
2022-02-12,Sac Trawls Index,0
2022-02-12,Chipps Island Trawls,0
2022-02-13,Sac Beach Seines,0
2022-02-13,Sac Beach Seines Index,0
2022-02-13,Sac Trawls,21
2022-02-13,Sac Trawls Index,21
2022-02-13,Chipps Island Trawls,2
2022-02-14,Sac Beach Seines,0
2022-02-14,Sac Beach Seines Index,0
2022-02-14,Sac Trawls,21
2022-02-14,Sac Trawls Index,21
2022-02-14,Chipps Island Trawls,2
2022-02-15,Sac Beach Seines,0
2022-02-15,Sac Beach Seines Index,0
2022-02-15,Sac Trawls,21
2022-02-15,Sac Trawls Index,21
2022-02-15,Chipps Island Trawls,2
2022-02-16,Sac Beach Seines,0
2022-02-16,Sac Beach Seines Index,0
2022-02-16,Sac Trawls,0
2022-02-16,Sac Trawls Index,0
2022-02-16,Chipps Island Trawls,0
2022-02-17,Sac Beach Seines,21
2022-02-17,Sac Beach Seines Index,43.5
2022-02-17,Sac Trawls,21
2022-02-17,Sac Trawls Index,21
2022-02-17,Chipps Island Trawls,2
2022-02-18,Sac Beach Seines,21
2022-02-18,Sac Beach Seines Index,43.5
2022-02-18,Sac Trawls,21
2022-02-18,Sac Trawls Index,21
2022-02-18,Chipps Island Trawls,2
2022-02-19,Sac Beach Seines,0
2022-02-19,Sac Beach Seines Index,0
2022-02-19,Sac Trawls,0
2022-02-19,Sac Trawls Index,0
2022-02-19,Chipps Island Trawls,0
2022-02-20,Sac Beach Seines,0
2022-02-20,Sac Beach Seines Index,0
2022-02-20,Sac Trawls,21
2022-02-20,Sac Trawls Index,21
2022-02-20,Chipps Island Trawls,0
2022-02-21,Sac Beach Seines,0
2022-02-21,Sac Beach Seines Index,0
2022-02-21,Sac Trawls,0
2022-02-21,Sac Trawls Index,0
2022-02-21,Chipps Island Trawls,0
2022-02-22,Sac Beach Seines,0
2022-02-22,Sac Beach Seines Index,0
2022-02-22,Sac Trawls,21
2022-02-22,Sac Trawls Index,21
2022-02-22,Chipps Island Trawls,2
2022-02-23,Sac Beach Seines,21
2022-02-23,Sac Beach Seines Index,43.5
2022-02-23,Sac Trawls,22
2022-02-23,Sac Trawls Index,22
2022-02-23,Chipps Island Trawls,2
2022-02-24,Sac Beach Seines,0
2022-02-24,Sac Beach Seines Index,0
2022-02-24,Sac Trawls,22
2022-02-24,Sac Trawls Index,22
2022-02-24,Chipps Island Trawls,2
2022-02-25,Sac Beach Seines,21
2022-02-25,Sac Beach Seines Index,43.5
2022-02-25,Sac Trawls,22
2022-02-25,Sac Trawls Index,22
2022-02-25,Chipps Island Trawls,2
2022-02-26,Sac Beach Seines,0
2022-02-26,Sac Beach Seines Index,0
2022-02-26,Sac Trawls,0
2022-02-26,Sac Trawls Index,0
2022-02-26,Chipps Island Trawls,2
2022-02-27,Sac Beach Seines,0
2022-02-27,Sac Beach Seines Index,0
2022-02-27,Sac Trawls,0
2022-02-27,Sac Trawls Index,0
2022-02-27,Chipps Island Trawls,2
2022-02-28,Sac Beach Seines,22
2022-02-28,Sac Beach Seines Index,47.5
2022-02-28,Sac Trawls,22
2022-02-28,Sac Trawls Index,22
2022-02-28,Chipps Island Trawls,2
2022-03-01,Sac Beach Seines,0
2022-03-01,Sac Beach Seines Index,0
2022-03-01,Sac Trawls,22
2022-03-01,Sac Trawls Index,22
2022-03-01,Chipps Island Trawls,2
2022-03-02,Sac Beach Seines,22
2022-03-02,Sac Beach Seines Index,47.5
2022-03-02,Sac Trawls,22
2022-03-02,Sac Trawls Index,22
2022-03-02,Chipps Island Trawls,0
2022-03-03,Sac Beach Seines,0
2022-03-03,Sac Beach Seines Index,0
2022-03-03,Sac Trawls,22
2022-03-03,Sac Trawls Index,22
2022-03-03,Chipps Island Trawls,2
2022-03-04,Sac Beach Seines,0
2022-03-04,Sac Beach Seines Index,0
2022-03-04,Sac Trawls,22
2022-03-04,Sac Trawls Index,22
2022-03-04,Chipps Island Trawls,2
2022-03-05,Sac Beach Seines,0
2022-03-05,Sac Beach Seines Index,0
2022-03-05,Sac Trawls,0
2022-03-05,Sac Trawls Index,0
2022-03-05,Chipps Island Trawls,0
2022-03-06,Sac Beach Seines,0
2022-03-06,Sac Beach Seines Index,0
2022-03-06,Sac Trawls,22
2022-03-06,Sac Trawls Index,22
2022-03-06,Chipps Island Trawls,2
2022-03-07,Sac Beach Seines,22
2022-03-07,Sac Beach Seines Index,47.5
2022-03-07,Sac Trawls,22
2022-03-07,Sac Trawls Index,22
2022-03-07,Chipps Island Trawls,2
2022-03-08,Sac Beach Seines,22
2022-03-08,Sac Beach Seines Index,47.5
2022-03-08,Sac Trawls,0
2022-03-08,Sac Trawls Index,0
2022-03-08,Chipps Island Trawls,2
2022-03-09,Sac Beach Seines,0
2022-03-09,Sac Beach Seines Index,0
2022-03-09,Sac Trawls,22
2022-03-09,Sac Trawls Index,22
2022-03-09,Chipps Island Trawls,0
2022-03-10,Sac Beach Seines,0
2022-03-10,Sac Beach Seines Index,0
2022-03-10,Sac Trawls,22
2022-03-10,Sac Trawls Index,22
2022-03-10,Chipps Island Trawls,0
2022-03-11,Sac Beach Seines,0
2022-03-11,Sac Beach Seines Index,0
2022-03-11,Sac Trawls,22
2022-03-11,Sac Trawls Index,22
2022-03-11,Chipps Island Trawls,2
2022-03-12,Sac Beach Seines,0
2022-03-12,Sac Beach Seines Index,0
2022-03-12,Sac Trawls,0
2022-03-12,Sac Trawls Index,0
2022-03-12,Chipps Island Trawls,0
2022-03-13,Sac Beach Seines,0
2022-03-13,Sac Beach Seines Index,0
2022-03-13,Sac Trawls,22
2022-03-13,Sac Trawls Index,22
2022-03-13,Chipps Island Trawls,2
2022-03-14,Sac Beach Seines,0
2022-03-14,Sac Beach Seines Index,0
2022-03-14,Sac Trawls,22
2022-03-14,Sac Trawls Index,22
2022-03-14,Chipps Island Trawls,2
2022-03-15,Sac Beach Seines,22
2022-03-15,Sac Beach Seines Index,47.5
2022-03-15,Sac Trawls,22
2022-03-15,Sac Trawls Index,22
2022-03-15,Chipps Island Trawls,2
2022-03-16,Sac Beach Seines,0
2022-03-16,Sac Beach Seines Index,0
2022-03-16,Sac Trawls,0
2022-03-16,Sac Trawls Index,0
2022-03-16,Chipps Island Trawls,0
2022-03-17,Sac Beach Seines,23
2022-03-17,Sac Beach Seines Index,50.2
2022-03-17,Sac Trawls,22
2022-03-17,Sac Trawls Index,22
2022-03-17,Chipps Island Trawls,4
2022-03-18,Sac Beach Seines,0
2022-03-18,Sac Beach Seines Index,0
2022-03-18,Sac Trawls,22
2022-03-18,Sac Trawls Index,22
2022-03-18,Chipps Island Trawls,5
2022-03-19,Sac Beach Seines,0
2022-03-19,Sac Beach Seines Index,0
2022-03-19,Sac Trawls,0
2022-03-19,Sac Trawls Index,0
2022-03-19,Chipps Island Trawls,0
2022-03-20,Sac Beach Seines,0
2022-03-20,Sac Beach Seines Index,0
2022-03-20,Sac Trawls,22
2022-03-20,Sac Trawls Index,22
2022-03-20,Chipps Island Trawls,6
2022-03-21,Sac Beach Seines,0
2022-03-21,Sac Beach Seines Index,0
2022-03-21,Sac Trawls,22
2022-03-21,Sac Trawls Index,22
2022-03-21,Chipps Island Trawls,7
2022-03-22,Sac Beach Seines,23
2022-03-22,Sac Beach Seines Index,50.2
2022-03-22,Sac Trawls,22
2022-03-22,Sac Trawls Index,22
2022-03-22,Chipps Island Trawls,0
2022-03-23,Sac Beach Seines,23
2022-03-23,Sac Beach Seines Index,50.2
2022-03-23,Sac Trawls,0
2022-03-23,Sac Trawls Index,0
2022-03-23,Chipps Island Trawls,7
2022-03-24,Sac Beach Seines,0
2022-03-24,Sac Beach Seines Index,0
2022-03-24,Sac Trawls,22
2022-03-24,Sac Trawls Index,22
2022-03-24,Chipps Island Trawls,8
2022-03-25,Sac Beach Seines,0
2022-03-25,Sac Beach Seines Index,0
2022-03-25,Sac Trawls,22
2022-03-25,Sac Trawls Index,22
2022-03-25,Chipps Island Trawls,8
2022-03-26,Sac Beach Seines,0
2022-03-26,Sac Beach Seines Index,0
2022-03-26,Sac Trawls,0
2022-03-26,Sac Trawls Index,0
2022-03-26,Chipps Island Trawls,0
2022-03-27,Sac Beach Seines,0
2022-03-27,Sac Beach Seines Index,0
2022-03-27,Sac Trawls,22
2022-03-27,Sac Trawls Index,22
2022-03-27,Chipps Island Trawls,8
2022-03-28,Sac Beach Seines,23
2022-03-28,Sac Beach Seines Index,50.2
2022-03-28,Sac Trawls,22
2022-03-28,Sac Trawls Index,22
2022-03-28,Chipps Island Trawls,8
2022-03-29,Sac Beach Seines,23
2022-03-29,Sac Beach Seines Index,50.2
2022-03-29,Sac Trawls,22
2022-03-29,Sac Trawls Index,22
2022-03-29,Chipps Island Trawls,8
2022-03-30,Sac Beach Seines,0
2022-03-30,Sac Beach Seines Index,0
2022-03-30,Sac Trawls,0
2022-03-30,Sac Trawls Index,0
2022-03-30,Chipps Island Trawls,0
2022-03-31,Sac Beach Seines,0
2022-03-31,Sac Beach Seines Index,0
2022-03-31,Sac Trawls,22
2022-03-31,Sac Trawls Index,22
2022-03-31,Chipps Island Trawls,8
2022-04-01,Sac Beach Seines,0
2022-04-01,Sac Beach Seines Index,0
2022-04-01,Sac Trawls,22
2022-04-01,Sac Trawls Index,22
2022-04-01,Chipps Island Trawls,9
2022-04-02,Sac Beach Seines,0
2022-04-02,Sac Beach Seines Index,0
2022-04-02,Sac Trawls,0
2022-04-02,Sac Trawls Index,0
2022-04-02,Chipps Island Trawls,0
2022-04-03,Sac Beach Seines,0
2022-04-03,Sac Beach Seines Index,0
2022-04-03,Sac Trawls,22
2022-04-03,Sac Trawls Index,22
2022-04-03,Chipps Island Trawls,9
2022-04-04,Sac Beach Seines,23
2022-04-04,Sac Beach Seines Index,50.2
2022-04-04,Sac Trawls,22
2022-04-04,Sac Trawls Index,22
2022-04-04,Chipps Island Trawls,9
2022-04-05,Sac Beach Seines,0
2022-04-05,Sac Beach Seines Index,0
2022-04-05,Sac Trawls,22
2022-04-05,Sac Trawls Index,22
2022-04-05,Chipps Island Trawls,10
2022-04-06,Sac Beach Seines,23
2022-04-06,Sac Beach Seines Index,50.2
2022-04-06,Sac Trawls,0
2022-04-06,Sac Trawls Index,0
2022-04-06,Chipps Island Trawls,0
2022-04-07,Sac Beach Seines,0
2022-04-07,Sac Beach Seines Index,0
2022-04-07,Sac Trawls,22
2022-04-07,Sac Trawls Index,22
2022-04-07,Chipps Island Trawls,10
2022-04-08,Sac Beach Seines,0
2022-04-08,Sac Beach Seines Index,0
2022-04-08,Sac Trawls,22
2022-04-08,Sac Trawls Index,22
2022-04-08,Chipps Island Trawls,10
2022-04-09,Sac Beach Seines,0
2022-04-09,Sac Beach Seines Index,0
2022-04-09,Sac Trawls,0
2022-04-09,Sac Trawls Index,0
2022-04-09,Chipps Island Trawls,0
2022-04-10,Sac Beach Seines,0
2022-04-10,Sac Beach Seines Index,0
2022-04-10,Sac Trawls,22
2022-04-10,Sac Trawls Index,22
2022-04-10,Chipps Island Trawls,10
2022-04-11,Sac Beach Seines,0
2022-04-11,Sac Beach Seines Index,0
2022-04-11,Sac Trawls,22
2022-04-11,Sac Trawls Index,22
2022-04-11,Chipps Island Trawls,10
2022-04-12,Sac Beach Seines,23
2022-04-12,Sac Beach Seines Index,50.2
2022-04-12,Sac Trawls,22
2022-04-12,Sac Trawls Index,22
2022-04-12,Chipps Island Trawls,10
2022-04-13,Sac Beach Seines,0
2022-04-13,Sac Beach Seines Index,0
2022-04-13,Sac Trawls,0
2022-04-13,Sac Trawls Index,0
2022-04-13,Chipps Island Trawls,0
2022-04-14,Sac Beach Seines,0
2022-04-14,Sac Beach Seines Index,0
2022-04-14,Sac Trawls,22
2022-04-14,Sac Trawls Index,22
2022-04-14,Chipps Island Trawls,10
2022-04-15,Sac Beach Seines,23
2022-04-15,Sac Beach Seines Index,50.2
2022-04-15,Sac Trawls,22
2022-04-15,Sac Trawls Index,22
2022-04-15,Chipps Island Trawls,10
2022-04-16,Sac Beach Seines,0
2022-04-16,Sac Beach Seines Index,0
2022-04-16,Sac Trawls,0
2022-04-16,Sac Trawls Index,0
2022-04-16,Chipps Island Trawls,0
2022-04-17,Sac Beach Seines,0
2022-04-17,Sac Beach Seines Index,0
2022-04-17,Sac Trawls,22
2022-04-17,Sac Trawls Index,22
2022-04-17,Chipps Island Trawls,10
2022-04-18,Sac Beach Seines,0
2022-04-18,Sac Beach Seines Index,0
2022-04-18,Sac Trawls,22
2022-04-18,Sac Trawls Index,22
2022-04-18,Chipps Island Trawls,10
2022-04-19,Sac Beach Seines,23
2022-04-19,Sac Beach Seines Index,50.2
2022-04-19,Sac Trawls,22
2022-04-19,Sac Trawls Index,22
2022-04-19,Chipps Island Trawls,10
2022-04-20,Sac Beach Seines,23
2022-04-20,Sac Beach Seines Index,50.2
2022-04-20,Sac Trawls,0
2022-04-20,Sac Trawls Index,0
2022-04-20,Chipps Island Trawls,0
2022-04-21,Sac Beach Seines,0
2022-04-21,Sac Beach Seines Index,0
2022-04-21,Sac Trawls,22
2022-04-21,Sac Trawls Index,22
2022-04-21,Chipps Island Trawls,10
2022-04-22,Sac Beach Seines,0
2022-04-22,Sac Beach Seines Index,0
2022-04-22,Sac Trawls,22
2022-04-22,Sac Trawls Index,22
2022-04-22,Chipps Island Trawls,10
2022-04-23,Sac Beach Seines,0
2022-04-23,Sac Beach Seines Index,0
2022-04-23,Sac Trawls,0
2022-04-23,Sac Trawls Index,0
2022-04-23,Chipps Island Trawls,0
2022-04-24,Sac Beach Seines,0
2022-04-24,Sac Beach Seines Index,0
2022-04-24,Sac Trawls,22
2022-04-24,Sac Trawls Index,22
2022-04-24,Chipps Island Trawls,10
2022-04-25,Sac Beach Seines,0
2022-04-25,Sac Beach Seines Index,0
2022-04-25,Sac Trawls,22
2022-04-25,Sac Trawls Index,22
2022-04-25,Chipps Island Trawls,10
2022-04-26,Sac Beach Seines,23
2022-04-26,Sac Beach Seines Index,50.2
2022-04-26,Sac Trawls,22
2022-04-26,Sac Trawls Index,22
2022-04-26,Chipps Island Trawls,10
2022-04-27,Sac Beach Seines,23
2022-04-27,Sac Beach Seines Index,50.2
2022-04-27,Sac Trawls,0
2022-04-27,Sac Trawls Index,0
2022-04-27,Chipps Island Trawls,0
2022-04-28,Sac Beach Seines,0
2022-04-28,Sac Beach Seines Index,0
2022-04-28,Sac Trawls,22
2022-04-28,Sac Trawls Index,22
2022-04-28,Chipps Island Trawls,0
2022-04-29,Sac Beach Seines,0
2022-04-29,Sac Beach Seines Index,0
2022-04-29,Sac Trawls,22
2022-04-29,Sac Trawls Index,22
2022-04-29,Chipps Island Trawls,10
2022-04-30,Sac Beach Seines,0
2022-04-30,Sac Beach Seines Index,0
2022-04-30,Sac Trawls,0
2022-04-30,Sac Trawls Index,0
2022-04-30,Chipps Island Trawls,0
2022-05-01,Sac Beach Seines,0
2022-05-01,Sac Beach Seines Index,0
2022-05-01,Sac Trawls,22
2022-05-01,Sac Trawls Index,22
2022-05-01,Chipps Island Trawls,10
2022-05-02,Sac Beach Seines,0
2022-05-02,Sac Beach Seines Index,0
2022-05-02,Sac Trawls,22
2022-05-02,Sac Trawls Index,22
2022-05-02,Chipps Island Trawls,10
2022-05-03,Sac Beach Seines,0
2022-05-03,Sac Beach Seines Index,0
2022-05-03,Sac Trawls,22
2022-05-03,Sac Trawls Index,22
2022-05-03,Chipps Island Trawls,10
2022-05-04,Sac Beach Seines,23
2022-05-04,Sac Beach Seines Index,50.2
2022-05-04,Sac Trawls,0
2022-05-04,Sac Trawls Index,0
2022-05-04,Chipps Island Trawls,0
2022-05-05,Sac Beach Seines,0
2022-05-05,Sac Beach Seines Index,0
2022-05-05,Sac Trawls,22
2022-05-05,Sac Trawls Index,22
2022-05-05,Chipps Island Trawls,10
2022-05-06,Sac Beach Seines,23
2022-05-06,Sac Beach Seines Index,50.2
2022-05-06,Sac Trawls,22
2022-05-06,Sac Trawls Index,22
2022-05-06,Chipps Island Trawls,10
2022-05-07,Sac Beach Seines,0
2022-05-07,Sac Beach Seines Index,0
2022-05-07,Sac Trawls,0
2022-05-07,Sac Trawls Index,0
2022-05-07,Chipps Island Trawls,0
2022-05-08,Sac Beach Seines,0
2022-05-08,Sac Beach Seines Index,0
2022-05-08,Sac Trawls,22
2022-05-08,Sac Trawls Index,22
2022-05-08,Chipps Island Trawls,0
2022-05-09,Sac Beach Seines,0
2022-05-09,Sac Beach Seines Index,0
2022-05-09,Sac Trawls,22
2022-05-09,Sac Trawls Index,22
2022-05-09,Chipps Island Trawls,10
2022-05-10,Sac Beach Seines,0
2022-05-10,Sac Beach Seines Index,0
2022-05-10,Sac Trawls,22
2022-05-10,Sac Trawls Index,22
2022-05-10,Chipps Island Trawls,10
2022-05-11,Sac Beach Seines,23
2022-05-11,Sac Beach Seines Index,50.2
2022-05-11,Sac Trawls,0
2022-05-11,Sac Trawls Index,0
2022-05-11,Chipps Island Trawls,10
2022-05-12,Sac Beach Seines,0
2022-05-12,Sac Beach Seines Index,0
2022-05-12,Sac Trawls,22
2022-05-12,Sac Trawls Index,22
2022-05-12,Chipps Island Trawls,10
2022-05-13,Sac Beach Seines,0
2022-05-13,Sac Beach Seines Index,0
2022-05-13,Sac Trawls,22
2022-05-13,Sac Trawls Index,22
2022-05-13,Chipps Island Trawls,10
2022-05-14,Sac Beach Seines,0
2022-05-14,Sac Beach Seines Index,0
2022-05-14,Sac Trawls,0
2022-05-14,Sac Trawls Index,0
2022-05-14,Chipps Island Trawls,0
2022-05-15,Sac Beach Seines,0
2022-05-15,Sac Beach Seines Index,0
2022-05-15,Sac Trawls,0
2022-05-15,Sac Trawls Index,0
2022-05-15,Chipps Island Trawls,0
2022-05-16,Sac Beach Seines,23
2022-05-16,Sac Beach Seines Index,50.2
2022-05-16,Sac Trawls,22
2022-05-16,Sac Trawls Index,22
2022-05-16,Chipps Island Trawls,0
2022-05-17,Sac Beach Seines,0
2022-05-17,Sac Beach Seines Index,0
2022-05-17,Sac Trawls,0
2022-05-17,Sac Trawls Index,0
2022-05-17,Chipps Island Trawls,10
2022-05-18,Sac Beach Seines,0
2022-05-18,Sac Beach Seines Index,0
2022-05-18,Sac Trawls,22
2022-05-18,Sac Trawls Index,22
2022-05-18,Chipps Island Trawls,10
2022-05-19,Sac Beach Seines,23
2022-05-19,Sac Beach Seines Index,50.2
2022-05-19,Sac Trawls,0
2022-05-19,Sac Trawls Index,0
2022-05-19,Chipps Island Trawls,0
2022-05-20,Sac Beach Seines,0
2022-05-20,Sac Beach Seines Index,0
2022-05-20,Sac Trawls,22
2022-05-20,Sac Trawls Index,22
2022-05-20,Chipps Island Trawls,10
2022-05-21,Sac Beach Seines,0
2022-05-21,Sac Beach Seines Index,0
2022-05-21,Sac Trawls,0
2022-05-21,Sac Trawls Index,0
2022-05-21,Chipps Island Trawls,0
2022-05-22,Sac Beach Seines,0
2022-05-22,Sac Beach Seines Index,0
2022-05-22,Sac Trawls,0
2022-05-22,Sac Trawls Index,0
2022-05-22,Chipps Island Trawls,0
2022-05-23,Sac Beach Seines,0
2022-05-23,Sac Beach Seines Index,0
2022-05-23,Sac Trawls,0
2022-05-23,Sac Trawls Index,0
2022-05-23,Chipps Island Trawls,10
2022-05-24,Sac Beach Seines,23
2022-05-24,Sac Beach Seines Index,50.2
2022-05-24,Sac Trawls,22
2022-05-24,Sac Trawls Index,22
2022-05-24,Chipps Island Trawls,0
2022-05-25,Sac Beach Seines,0
2022-05-25,Sac Beach Seines Index,0
2022-05-25,Sac Trawls,22
2022-05-25,Sac Trawls Index,22
2022-05-25,Chipps Island Trawls,10
2022-05-26,Sac Beach Seines,23
2022-05-26,Sac Beach Seines Index,50.2
2022-05-26,Sac Trawls,0
2022-05-26,Sac Trawls Index,0
2022-05-26,Chipps Island Trawls,0
2022-05-27,Sac Beach Seines,0
2022-05-27,Sac Beach Seines Index,0
2022-05-27,Sac Trawls,22
2022-05-27,Sac Trawls Index,22
2022-05-27,Chipps Island Trawls,10
2022-05-28,Sac Beach Seines,0
2022-05-28,Sac Beach Seines Index,0
2022-05-28,Sac Trawls,0
2022-05-28,Sac Trawls Index,0
2022-05-28,Chipps Island Trawls,0
2022-05-29,Sac Beach Seines,0
2022-05-29,Sac Beach Seines Index,0
2022-05-29,Sac Trawls,0
2022-05-29,Sac Trawls Index,0
2022-05-29,Chipps Island Trawls,0
2022-05-30,Sac Beach Seines,0
2022-05-30,Sac Beach Seines Index,0
2022-05-30,Sac Trawls,0
2022-05-30,Sac Trawls Index,0
2022-05-30,Chipps Island Trawls,0
2022-05-31,Sac Beach Seines,0
2022-05-31,Sac Beach Seines Index,0
2022-05-31,Sac Trawls,22
2022-05-31,Sac Trawls Index,22
2022-05-31,Chipps Island Trawls,10
2022-06-01,Sac Beach Seines,23
2022-06-01,Sac Beach Seines Index,50.2
2022-06-01,Sac Trawls,22
2022-06-01,Sac Trawls Index,22
2022-06-01,Chipps Island Trawls,10
2022-06-02,Sac Beach Seines,23
2022-06-02,Sac Beach Seines Index,50.2
2022-06-02,Sac Trawls,22
2022-06-02,Sac Trawls Index,22
2022-06-02,Chipps Island Trawls,10
2022-06-03,Sac Beach Seines,0
2022-06-03,Sac Beach Seines Index,0
2022-06-03,Sac Trawls,0
2022-06-03,Sac Trawls Index,0
2022-06-03,Chipps Island Trawls,0
2022-06-04,Sac Beach Seines,0
2022-06-04,Sac Beach Seines Index,0
2022-06-04,Sac Trawls,0
2022-06-04,Sac Trawls Index,0
2022-06-04,Chipps Island Trawls,0
2022-06-05,Sac Beach Seines,0
2022-06-05,Sac Beach Seines Index,0
2022-06-05,Sac Trawls,0
2022-06-05,Sac Trawls Index,0
2022-06-05,Chipps Island Trawls,0
2022-06-06,Sac Beach Seines,0
2022-06-06,Sac Beach Seines Index,0
2022-06-06,Sac Trawls,22
2022-06-06,Sac Trawls Index,22
2022-06-06,Chipps Island Trawls,10
2022-06-07,Sac Beach Seines,23
2022-06-07,Sac Beach Seines Index,50.2
2022-06-07,Sac Trawls,0
2022-06-07,Sac Trawls Index,0
2022-06-07,Chipps Island Trawls,0
2022-06-08,Sac Beach Seines,23
2022-06-08,Sac Beach Seines Index,50.2
2022-06-08,Sac Trawls,22
2022-06-08,Sac Trawls Index,22
2022-06-08,Chipps Island Trawls,10
2022-06-09,Sac Beach Seines,0
2022-06-09,Sac Beach Seines Index,0
2022-06-09,Sac Trawls,0
2022-06-09,Sac Trawls Index,0
2022-06-09,Chipps Island Trawls,0
2022-06-10,Sac Beach Seines,0
2022-06-10,Sac Beach Seines Index,0
2022-06-10,Sac Trawls,22
2022-06-10,Sac Trawls Index,22
2022-06-10,Chipps Island Trawls,10
2022-06-11,Sac Beach Seines,0
2022-06-11,Sac Beach Seines Index,0
2022-06-11,Sac Trawls,0
2022-06-11,Sac Trawls Index,0
2022-06-11,Chipps Island Trawls,0
2022-06-12,Sac Beach Seines,0
2022-06-12,Sac Beach Seines Index,0
2022-06-12,Sac Trawls,0
2022-06-12,Sac Trawls Index,0
2022-06-12,Chipps Island Trawls,0
2022-06-13,Sac Beach Seines,23
2022-06-13,Sac Beach Seines Index,50.2
2022-06-13,Sac Trawls,22
2022-06-13,Sac Trawls Index,22
2022-06-13,Chipps Island Trawls,10
2022-06-14,Sac Beach Seines,0
2022-06-14,Sac Beach Seines Index,0
2022-06-14,Sac Trawls,0
2022-06-14,Sac Trawls Index,0
2022-06-14,Chipps Island Trawls,0
2022-06-15,Sac Beach Seines,23
2022-06-15,Sac Beach Seines Index,50.2
2022-06-15,Sac Trawls,22
2022-06-15,Sac Trawls Index,22
2022-06-15,Chipps Island Trawls,10
2022-06-16,Sac Beach Seines,0
2022-06-16,Sac Beach Seines Index,0
2022-06-16,Sac Trawls,0
2022-06-16,Sac Trawls Index,0
2022-06-16,Chipps Island Trawls,0
2022-06-17,Sac Beach Seines,0
2022-06-17,Sac Beach Seines Index,0
2022-06-17,Sac Trawls,22
2022-06-17,Sac Trawls Index,22
2022-06-17,Chipps Island Trawls,10
2022-06-18,Sac Beach Seines,0
2022-06-18,Sac Beach Seines Index,0
2022-06-18,Sac Trawls,0
2022-06-18,Sac Trawls Index,0
2022-06-18,Chipps Island Trawls,0
2022-06-19,Sac Beach Seines,0
2022-06-19,Sac Beach Seines Index,0
2022-06-19,Sac Trawls,0
2022-06-19,Sac Trawls Index,0
2022-06-19,Chipps Island Trawls,0
2022-06-20,Sac Beach Seines,0
2022-06-20,Sac Beach Seines Index,0
2022-06-20,Sac Trawls,0
2022-06-20,Sac Trawls Index,0
2022-06-20,Chipps Island Trawls,0
2022-06-21,Sac Beach Seines,23
2022-06-21,Sac Beach Seines Index,50.2
2022-06-21,Sac Trawls,0
2022-06-21,Sac Trawls Index,0
2022-06-21,Chipps Island Trawls,10
2022-06-22,Sac Beach Seines,23
2022-06-22,Sac Beach Seines Index,50.2
2022-06-22,Sac Trawls,22
2022-06-22,Sac Trawls Index,22
2022-06-22,Chipps Island Trawls,10
2022-06-23,Sac Beach Seines,0
2022-06-23,Sac Beach Seines Index,0
2022-06-23,Sac Trawls,22
2022-06-23,Sac Trawls Index,22
2022-06-23,Chipps Island Trawls,0
2022-06-24,Sac Beach Seines,0
2022-06-24,Sac Beach Seines Index,0
2022-06-24,Sac Trawls,22
2022-06-24,Sac Trawls Index,22
2022-06-24,Chipps Island Trawls,10
2022-06-25,Sac Beach Seines,0
2022-06-25,Sac Beach Seines Index,0
2022-06-25,Sac Trawls,0
2022-06-25,Sac Trawls Index,0
2022-06-25,Chipps Island Trawls,0
2022-06-26,Sac Beach Seines,0
2022-06-26,Sac Beach Seines Index,0
2022-06-26,Sac Trawls,0
2022-06-26,Sac Trawls Index,0
2022-06-26,Chipps Island Trawls,0
2022-06-27,Sac Beach Seines,0
2022-06-27,Sac Beach Seines Index,0
2022-06-27,Sac Trawls,22
2022-06-27,Sac Trawls Index,22
2022-06-27,Chipps Island Trawls,10
2022-06-28,Sac Beach Seines,0
2022-06-28,Sac Beach Seines Index,0
2022-06-28,Sac Trawls,0
2022-06-28,Sac Trawls Index,0
2022-06-28,Chipps Island Trawls,0
2022-06-29,Sac Beach Seines,0
2022-06-29,Sac Beach Seines Index,0
2022-06-29,Sac Trawls,22
2022-06-29,Sac Trawls Index,22
2022-06-29,Chipps Island Trawls,10
2022-06-30,Sac Beach Seines,23
2022-06-30,Sac Beach Seines Index,50.2
2022-06-30,Sac Trawls,22
2022-06-30,Sac Trawls Index,22
2022-06-30,Chipps Island Trawls,10
1970-01-01,Sac Beach Seines,0
1970-01-01,Sac Beach Seines Index,0
1970-01-01,Sac Trawls,0
1970-01-01,Sac Trawls Index,0
1970-01-01,Chipps Island Trawls,0
1970-01-01,Sac Beach Seines,0
1970-01-01,Sac Beach Seines Index,0
1970-01-01,Sac Trawls,0
1970-01-01,Sac Trawls Index,0
1970-01-01,Chipps Island Trawls,0
1970-01-01,Sac Beach Seines,0
1970-01-01,Sac Beach Seines Index,0
1970-01-01,Sac Trawls,0
1970-01-01,Sac Trawls Index,0
1970-01-01,Chipps Island Trawls,0
1970-01-01,Sac Beach Seines,0
1970-01-01,Sac Beach Seines Index,0
1970-01-01,Sac Trawls,0
1970-01-01,Sac Trawls Index,0
1970-01-01,Chipps Island Trawls,0
1970-01-01,Sac Beach Seines,0
1970-01-01,Sac Beach Seines Index,0
1970-01-01,Sac Trawls,0
1970-01-01,Sac Trawls Index,0
1970-01-01,Chipps Island Trawls,0
