date_yyyy_mm_dd,brood_year,population,estimated_passage,length,length_min,length_max,primary_source
2021-06-18,2021,Winter Chinook,0,NA,NA,NA,USFWS Biweekly20210618-20210701.pdf
2021-06-19,2021,Winter Chinook,0,NA,NA,NA,USFWS Biweekly20210618-20210701.pdf
2021-06-20,2021,Winter Chinook,0,NA,NA,NA,USFWS Biweekly20210618-20210701.pdf
2021-06-21,2021,Winter Chinook,0,NA,NA,NA,USFWS Biweekly20210618-20210701.pdf
2021-06-22,2021,Winter Chinook,0,NA,NA,NA,USFWS Biweekly20210618-20210701.pdf
2021-06-23,2021,Winter Chinook,0,NA,NA,NA,USFWS Biweekly20210618-20210701.pdf
2021-06-24,2021,Winter Chinook,0,NA,NA,NA,USFWS Biweekly20210618-20210701.pdf
2021-06-25,2021,Winter Chinook,0,NA,NA,NA,USFWS Biweekly20210618-20210701.pdf
2021-06-26,2021,Winter Chinook,0,NA,NA,NA,USFWS Biweekly20210618-20210701.pdf
2021-06-27,2021,Winter Chinook,0,NA,NA,NA,USFWS Biweekly20210618-20210701.pdf
2021-06-28,2021,Winter Chinook,0,NA,NA,NA,USFWS Biweekly20210618-20210701.pdf
2021-06-29,2021,Winter Chinook,0,NA,NA,NA,USFWS Biweekly20210618-20210701.pdf
2021-06-30,2021,Winter Chinook,0,NA,NA,NA,USFWS Biweekly20210618-20210701.pdf
2021-07-01,2021,Winter Chinook,0,NA,NA,NA,USFWS Biweekly20210618-20210701.pdf
2021-07-02,2021,Winter Chinook,44,33,33,33,USFWS Biweekly20210702-20210715.pdf
2021-07-03,2021,Winter Chinook,0,NA,NA,NA,USFWS Biweekly20210702-20210715.pdf
2021-07-04,2021,Winter Chinook,60,33,33,33,USFWS Biweekly20210702-20210715.pdf
2021-07-05,2021,Winter Chinook,NA,NA,NA,NA,USFWS Biweekly20210702-20210715.pdf
2021-07-06,2021,Winter Chinook,NA,NA,NA,NA,USFWS Biweekly20210702-20210715.pdf
2021-07-07,2021,Winter Chinook,88,33,33,33,USFWS Biweekly20210702-20210715.pdf
2021-07-08,2021,Winter Chinook,43,34,34,34,USFWS Biweekly20210702-20210715.pdf
2021-07-09,2021,Winter Chinook,43,34,34,34,USFWS Biweekly20210702-20210715.pdf
2021-07-10,2021,Winter Chinook,0,NA,NA,NA,USFWS Biweekly20210702-20210715.pdf
2021-07-11,2021,Winter Chinook,43,32,32,32,USFWS Biweekly20210702-20210715.pdf
2021-07-12,2021,Winter Chinook,132,NA,33,34,USFWS Biweekly20210702-20210715.pdf
2021-07-13,2021,Winter Chinook,0,NA,NA,NA,USFWS Biweekly20210702-20210715.pdf
2021-07-14,2021,Winter Chinook,42,36,36,36,USFWS Biweekly20210702-20210715.pdf
2021-07-15,2021,Winter Chinook,0,NA,NA,NA,USFWS Biweekly20210702-20210715.pdf
2021-07-16,2021,Winter Chinook,47,34,34,34,USFWS Biweekly20210716-20210729.pdf
2021-07-17,2021,Winter Chinook,175,NA,36,37,USFWS Biweekly20210716-20210729.pdf
2021-07-18,2021,Winter Chinook,0,NA,NA,NA,USFWS Biweekly20210716-20210729.pdf
2021-07-19,2021,Winter Chinook,125,NA,34,35,USFWS Biweekly20210716-20210729.pdf
2021-07-20,2021,Winter Chinook,140,NA,33,34,USFWS Biweekly20210716-20210729.pdf
2021-07-21,2021,Winter Chinook,87,NA,33,34,USFWS Biweekly20210716-20210729.pdf
2021-07-22,2021,Winter Chinook,43,33,33,33,USFWS Biweekly20210716-20210729.pdf
2021-07-23,2021,Winter Chinook,168,NA,32,34,USFWS Biweekly20210716-20210729.pdf
2021-07-24,2021,Winter Chinook,280,NA,33,35,USFWS Biweekly20210716-20210729.pdf
2021-07-25,2021,Winter Chinook,462,NA,33,37,USFWS Biweekly20210716-20210729.pdf
2021-07-26,2021,Winter Chinook,294,NA,34,35,USFWS Biweekly20210716-20210729.pdf
2021-07-27,2021,Winter Chinook,512,NA,33,37,USFWS Biweekly20210716-20210729.pdf
2021-07-28,2021,Winter Chinook,435,NA,32,36,USFWS Biweekly20210716-20210729.pdf
2021-07-29,2021,Winter Chinook,485,NA,32,37,USFWS Biweekly20210716-20210729.pdf
2021-07-30,2021,Winter Chinook,514,NA,33,37,USFWS Biweekly20210730-20210812.pdf
2021-07-31,2021,Winter Chinook,211,NA,34,36,USFWS Biweekly20210730-20210812.pdf
2021-08-01,2021,Winter Chinook,280,NA,35,37,USFWS Biweekly20210730-20210812.pdf
2021-08-02,2021,Winter Chinook,241,NA,34,37,USFWS Biweekly20210730-20210812.pdf
2021-08-03,2021,Winter Chinook,511,NA,33,36,USFWS Biweekly20210730-20210812.pdf
2021-08-04,2021,Winter Chinook,1040,NA,34,38,USFWS Biweekly20210730-20210812.pdf
2021-08-05,2021,Winter Chinook,731,NA,32,37,USFWS Biweekly20210730-20210812.pdf
2021-08-06,2021,Winter Chinook,469,NA,34,37,USFWS Biweekly20210730-20210812.pdf
2021-08-07,2021,Winter Chinook,483,NA,32,38,USFWS Biweekly20210730-20210812.pdf
2021-08-08,2021,Winter Chinook,370,NA,34,36,USFWS Biweekly20210730-20210812.pdf
2021-08-09,2021,Winter Chinook,1240,NA,34,38,USFWS Biweekly20210730-20210812.pdf
2021-08-10,2021,Winter Chinook,802,NA,33,37,USFWS Biweekly20210730-20210812.pdf
2021-08-11,2021,Winter Chinook,1905,NA,30,40,USFWS Biweekly20210730-20210812.pdf
2021-08-12,2021,Winter Chinook,1232,NA,34,43,USFWS Biweekly20210730-20210812.pdf
2021-08-13,2021,Winter Chinook,1156,NA,33,38,USFWS Biweekly20210813-20210826.pdf
2021-08-14,2021,Winter Chinook,1242,NA,32,38,USFWS Biweekly20210813-20210826.pdf
2021-08-15,2021,Winter Chinook,893,NA,33,37,USFWS Biweekly20210813-20210826.pdf
2021-08-16,2021,Winter Chinook,736,NA,33,37,USFWS Biweekly20210813-20210826.pdf
2021-08-17,2021,Winter Chinook,750,NA,29,38,USFWS Biweekly20210813-20210826.pdf
2021-08-18,2021,Winter Chinook,959,NA,33,38,USFWS Biweekly20210813-20210826.pdf
2021-08-19,2021,Winter Chinook,1311,NA,32,41,USFWS Biweekly20210813-20210826.pdf
2021-08-20,2021,Winter Chinook,951,NA,34,38,USFWS Biweekly20210813-20210826.pdf
2021-08-21,2021,Winter Chinook,1109,NA,30,38,USFWS Biweekly20210813-20210826.pdf
2021-08-22,2021,Winter Chinook,930,NA,33,38,USFWS Biweekly20210813-20210826.pdf
2021-08-23,2021,Winter Chinook,824,NA,33,37,USFWS Biweekly20210813-20210826.pdf
2021-08-24,2021,Winter Chinook,1188,NA,31,39,USFWS Biweekly20210813-20210826.pdf
2021-08-25,2021,Winter Chinook,1296,NA,33,39,USFWS Biweekly20210813-20210826.pdf
2021-08-26,2021,Winter Chinook,751,NA,33,40,USFWS Biweekly20210813-20210826.pdf
2021-08-27,2021,Winter Chinook,1247,NA,34,38,USFWS Biweekly20210827-20210909.pdf
2021-08-28,2021,Winter Chinook,1164,NA,33,39,USFWS Biweekly20210827-20210909.pdf
2021-08-29,2021,Winter Chinook,889,NA,32,49,USFWS Biweekly20210827-20210909.pdf
2021-08-30,2021,Winter Chinook,2144,NA,32,42,USFWS Biweekly20210827-20210909.pdf
2021-08-31,2021,Winter Chinook,2408,NA,32,38,USFWS Biweekly20210827-20210909.pdf
2021-09-01,2021,Winter Chinook,4065,NA,34,39,USFWS Biweekly20210827-20210909.pdf
2021-09-02,2021,Winter Chinook,2512,NA,32,39,USFWS Biweekly20210827-20210909.pdf
2021-09-03,2021,Winter Chinook,3331,NA,32,38,USFWS Biweekly20210827-20210909.pdf
2021-09-04,2021,Winter Chinook,3845,NA,32,47,USFWS Biweekly20210827-20210909.pdf
2021-09-05,2021,Winter Chinook,4810,NA,32,40,USFWS Biweekly20210827-20210909.pdf
2021-09-06,2021,Winter Chinook,5051,NA,33,47,USFWS Biweekly20210827-20210909.pdf
2021-09-07,2021,Winter Chinook,8102,NA,31,39,USFWS Biweekly20210827-20210909.pdf
2021-09-08,2021,Winter Chinook,8158,NA,30,45,USFWS Biweekly20210827-20210909.pdf
2021-09-09,2021,Winter Chinook,8476,NA,32,45,USFWS Biweekly20210827-20210909.pdf
2021-09-10,2021,Winter Chinook,5961,NA,32,44,USFWS Biweekly20210910-20210923.pdf
2021-09-11,2021,Winter Chinook,9650,NA,32,49,USFWS Biweekly20210910-20210923.pdf
2021-09-12,2021,Winter Chinook,8301,NA,32,49,USFWS Biweekly20210910-20210923.pdf
2021-09-13,2021,Winter Chinook,9904,NA,31,52,USFWS Biweekly20210910-20210923.pdf
2021-09-14,2021,Winter Chinook,10212,NA,30,42,USFWS Biweekly20210910-20210923.pdf
2021-09-15,2021,Winter Chinook,6874,NA,32,53,USFWS Biweekly20210910-20210923.pdf
2021-09-16,2021,Winter Chinook,7315,NA,33,54,USFWS Biweekly20210910-20210923.pdf
2021-09-17,2021,Winter Chinook,6828,NA,33,51,USFWS Biweekly20210910-20210923.pdf
2021-09-18,2021,Winter Chinook,7353,NA,32,54,USFWS Biweekly20210910-20210923.pdf
2021-09-19,2021,Winter Chinook,6860,NA,32,54,USFWS Biweekly20210910-20210923.pdf
2021-09-20,2021,Winter Chinook,7360,NA,32,56,USFWS Biweekly20210910-20210923.pdf
2021-09-21,2021,Winter Chinook,8282,NA,32,57,USFWS Biweekly20210910-20210923.pdf
2021-09-22,2021,Winter Chinook,8906,NA,32,55,USFWS Biweekly20210910-20210923.pdf
2021-09-23,2021,Winter Chinook,11132,NA,31,56,USFWS Biweekly20210910-20210923.pdf
2021-09-24,2021,Winter Chinook,11143,NA,31,57,USFWS Biweekly20210924-20211007.pdf
2021-09-25,2021,Winter Chinook,13334,NA,31,57,USFWS Biweekly20210924-20211007.pdf
2021-09-26,2021,Winter Chinook,10478,NA,31,59,USFWS Biweekly20210924-20211007.pdf
2021-09-27,2021,Winter Chinook,14277,NA,31,59,USFWS Biweekly20210924-20211007.pdf
2021-09-28,2021,Winter Chinook,18946,NA,32,59,USFWS Biweekly20210924-20211007.pdf
2021-09-29,2021,Winter Chinook,15349,NA,32,60,USFWS Biweekly20210924-20211007.pdf
2021-09-30,2021,Winter Chinook,17564,NA,31,60,USFWS Biweekly20210924-20211007.pdf
2021-10-01,2021,Winter Chinook,14287,NA,31,61,USFWS Biweekly20210924-20211007.pdf
2021-10-02,2021,Winter Chinook,16852,NA,31,61,USFWS Biweekly20210924-20211007.pdf
2021-10-03,2021,Winter Chinook,13924,NA,31,61,USFWS Biweekly20210924-20211007.pdf
2021-10-04,2021,Winter Chinook,11543,NA,31,62,USFWS Biweekly20210924-20211007.pdf
2021-10-05,2021,Winter Chinook,12864,NA,31,62,USFWS Biweekly20210924-20211007.pdf
2021-10-06,2021,Winter Chinook,8921,NA,30,62,USFWS Biweekly20210924-20211007.pdf
2021-10-07,2021,Winter Chinook,7915,NA,31,62,USFWS Biweekly20210924-20211007.pdf
2021-10-08,2021,Winter Chinook,6296,NA,31,62,USFWS Biweekly20211008-20211021_revised.pdf
2021-10-09,2021,Winter Chinook,3847,NA,32,60,USFWS Biweekly20211008-20211021_revised.pdf
2021-10-10,2021,Winter Chinook,5195,NA,32,64,USFWS Biweekly20211008-20211021_revised.pdf
2021-10-11,2021,Winter Chinook,6324,NA,32,65,USFWS Biweekly20211008-20211021_revised.pdf
2021-10-12,2021,Winter Chinook,5652,NA,32,65,USFWS Biweekly20211008-20211021_revised.pdf
2021-10-13,2021,Winter Chinook,4863,NA,32,66,USFWS Biweekly20211008-20211021_revised.pdf
2021-10-14,2021,Winter Chinook,3727,NA,31,65,USFWS Biweekly20211008-20211021_revised.pdf
2021-10-15,2021,Winter Chinook,3022,NA,32,66,USFWS Biweekly20211008-20211021_revised.pdf
2021-10-16,2021,Winter Chinook,3162,NA,32,67,USFWS Biweekly20211008-20211021_revised.pdf
2021-10-17,2021,Winter Chinook,2305,NA,32,67,USFWS Biweekly20211008-20211021_revised.pdf
2021-10-18,2021,Winter Chinook,924,NA,33,68,USFWS Biweekly20211008-20211021_revised.pdf
2021-10-19,2021,Winter Chinook,1530,NA,34,68,USFWS Biweekly20211008-20211021_revised.pdf
2021-10-20,2021,Winter Chinook,916,NA,32,64,USFWS Biweekly20211008-20211021_revised.pdf
2021-10-21,2021,Winter Chinook,531,NA,33,62,USFWS Biweekly20211008-20211021_revised.pdf
2021-10-22,2021,Winter Chinook,1539,NA,32,68,USFWS Biweekly20211022-20211104_revised.pdf
2021-10-23,2021,Winter Chinook,11693,NA,33,70,USFWS Biweekly20211022-20211104_revised.pdf
2021-10-24,2021,Winter Chinook,7816,NA,32,71,USFWS Biweekly20211022-20211104_revised.pdf
2021-10-25,2021,Winter Chinook,NA,NA,NA,NA,USFWS Biweekly20211022-20211104_revised.pdf
2021-10-26,2021,Winter Chinook,NA,NA,NA,NA,USFWS Biweekly20211022-20211104_revised.pdf
2021-10-27,2021,Winter Chinook,6808,NA,32,72,USFWS Biweekly20211022-20211104_revised.pdf
2021-10-28,2021,Winter Chinook,2830,NA,34,69,USFWS Biweekly20211022-20211104_revised.pdf
2021-10-29,2021,Winter Chinook,3389,NA,34,73,USFWS Biweekly20211022-20211104_revised.pdf
2021-10-30,2021,Winter Chinook,3590,NA,27,73,USFWS Biweekly20211022-20211104_revised.pdf
2021-10-31,2021,Winter Chinook,2770,NA,30,73,USFWS Biweekly20211022-20211104_revised.pdf
2021-11-01,2021,Winter Chinook,3433,NA,34,74,USFWS Biweekly20211022-20211104_revised.pdf
2021-11-02,2021,Winter Chinook,4024,NA,30,75,USFWS Biweekly20211022-20211104_revised.pdf
2021-11-03,2021,Winter Chinook,7826,NA,30,75,USFWS Biweekly20211022-20211104_revised.pdf
2021-11-04,2021,Winter Chinook,5063,NA,29,76,USFWS Biweekly20211022-20211104_revised.pdf
2021-11-05,2021,Winter Chinook,3988,NA,44,75,USFWS Biweekly20211105-20211118_revised.pdf
2021-11-06,2021,Winter Chinook,2118,NA,40,77,USFWS Biweekly20211105-20211118_revised.pdf
2021-11-07,2021,Winter Chinook,1933,NA,42,75,USFWS Biweekly20211105-20211118_revised.pdf
2021-11-08,2021,Winter Chinook,1837,NA,45,78,USFWS Biweekly20211105-20211118_revised.pdf
2021-11-09,2021,Winter Chinook,3692,NA,48,78,USFWS Biweekly20211105-20211118_revised.pdf
2021-11-10,2021,Winter Chinook,14867,NA,44,78,USFWS Biweekly20211105-20211118_revised.pdf
2021-11-11,2021,Winter Chinook,5599,NA,42,78,USFWS Biweekly20211105-20211118_revised.pdf
2021-11-12,2021,Winter Chinook,2398,NA,46,80,USFWS Biweekly20211105-20211118_revised.pdf
2021-11-13,2021,Winter Chinook,1545,NA,50,78,USFWS Biweekly20211105-20211118_revised.pdf
2021-11-14,2021,Winter Chinook,1160,NA,45,72,USFWS Biweekly20211105-20211118_revised.pdf
2021-11-15,2021,Winter Chinook,562,NA,45,79,USFWS Biweekly20211105-20211118_revised.pdf
2021-11-16,2021,Winter Chinook,653,NA,42,75,USFWS Biweekly20211105-20211118_revised.pdf
2021-11-17,2021,Winter Chinook,525,NA,44,83,USFWS Biweekly20211105-20211118_revised.pdf
2021-11-18,2021,Winter Chinook,665,NA,44,82,USFWS Biweekly20211105-20211118_revised.pdf
2021-11-19,2021,Winter Chinook,509,NA,48,73,USFWS Biweekly20211119-20211202_revised.pdf
2021-11-20,2021,Winter Chinook,555,NA,51,80,USFWS Biweekly20211119-20211202_revised.pdf
2021-11-21,2021,Winter Chinook,621,NA,54,79,USFWS Biweekly20211119-20211202_revised.pdf
2021-11-22,2021,Winter Chinook,1097,NA,44,85,USFWS Biweekly20211119-20211202_revised.pdf
2021-11-23,2021,Winter Chinook,1109,NA,47,83,USFWS Biweekly20211119-20211202_revised.pdf
2021-11-24,2021,Winter Chinook,762,NA,44,81,USFWS Biweekly20211119-20211202_revised.pdf
2021-11-25,2021,Winter Chinook,NA,NA,NA,NA,USFWS Biweekly20211119-20211202_revised.pdf
2021-11-26,2021,Winter Chinook,NA,NA,NA,NA,USFWS Biweekly20211119-20211202_revised.pdf
2021-11-27,2021,Winter Chinook,847,NA,55,87,USFWS Biweekly20211119-20211202_revised.pdf
2021-11-28,2021,Winter Chinook,478,NA,54,84,USFWS Biweekly20211119-20211202_revised.pdf
2021-11-29,2021,Winter Chinook,419,NA,52,88,USFWS Biweekly20211119-20211202_revised.pdf
2021-11-30,2021,Winter Chinook,262,NA,55,75,USFWS Biweekly20211119-20211202_revised.pdf
2021-12-01,2021,Winter Chinook,344,NA,57,79,USFWS Biweekly20211119-20211202_revised.pdf
2021-12-02,2021,Winter Chinook,91,NA,64,65,USFWS Biweekly20211119-20211202_revised.pdf
2021-12-03,2021,Winter Chinook,220,NA,57,77,USFWS Biweekly20211203-20211216_revised.pdf
2021-12-04,2021,Winter Chinook,191,NA,55,74,USFWS Biweekly20211203-20211216_revised.pdf
2021-12-05,2021,Winter Chinook,140,NA,55,63,USFWS Biweekly20211203-20211216_revised.pdf
2021-12-06,2021,Winter Chinook,186,NA,50,82,USFWS Biweekly20211203-20211216_revised.pdf
2021-12-07,2021,Winter Chinook,114,NA,58,85,USFWS Biweekly20211203-20211216_revised.pdf
2021-12-08,2021,Winter Chinook,88,NA,66,75,USFWS Biweekly20211203-20211216_revised.pdf
2021-12-09,2021,Winter Chinook,29,78,78,78,USFWS Biweekly20211203-20211216_revised.pdf
2021-12-10,2021,Winter Chinook,0,NA,NA,NA,USFWS Biweekly20211203-20211216_revised.pdf
2021-12-11,2021,Winter Chinook,360,NA,64,85,USFWS Biweekly20211203-20211216_revised.pdf
2021-12-12,2021,Winter Chinook,32,70,70,70,USFWS Biweekly20211203-20211216_revised.pdf
2021-12-13,2021,Winter Chinook,522,NA,72,79,USFWS Biweekly20211203-20211216_revised.pdf
2021-12-14,2021,Winter Chinook,2566,NA,59,80,USFWS Biweekly20211203-20211216_revised.pdf
2021-12-15,2021,Winter Chinook,1676,NA,64,95,USFWS Biweekly20211203-20211216_revised.pdf
2021-12-16,2021,Winter Chinook,NA,NA,NA,NA,USFWS Biweekly20211203-20211216_revised.pdf
2021-12-17,2021,Winter Chinook,1527,NA,60,93,USFWS Biweekly20211217-20211231.pdf
2021-12-18,2021,Winter Chinook,893,NA,54,88,USFWS Biweekly20211217-20211231.pdf
2021-12-19,2021,Winter Chinook,530,NA,52,101,USFWS Biweekly20211217-20211231.pdf
2021-12-20,2021,Winter Chinook,71,NA,57,86,USFWS Biweekly20211217-20211231.pdf
2021-12-21,2021,Winter Chinook,148,NA,69,95,USFWS Biweekly20211217-20211231.pdf
2021-12-22,2021,Winter Chinook,0,NA,NA,NA,USFWS Biweekly20211217-20211231.pdf
2021-12-23,2021,Winter Chinook,0,NA,NA,NA,USFWS Biweekly20211217-20211231.pdf
2021-12-24,2021,Winter Chinook,1172,NA,71,85,USFWS Biweekly20211217-20211231.pdf
2021-12-25,2021,Winter Chinook,NA,NA,NA,NA,USFWS Biweekly20211217-20211231.pdf
2021-12-26,2021,Winter Chinook,NA,NA,NA,NA,USFWS Biweekly20211217-20211231.pdf
2021-12-27,2021,Winter Chinook,0,NA,NA,NA,USFWS Biweekly20211217-20211231.pdf
2021-12-28,2021,Winter Chinook,224,NA,59,73,USFWS Biweekly20211217-20211231.pdf
2021-12-29,2021,Winter Chinook,157,NA,69,82,USFWS Biweekly20211217-20211231.pdf
2021-12-30,2021,Winter Chinook,51,92,92,92,USFWS Biweekly20211217-20211231.pdf
2021-12-31,2021,Winter Chinook,43,79,79,79,USFWS Biweekly20211217-20211231.pdf
2022-01-01,2021,Winter Chinook,183,NA,70,80,USFWS Biweekly20220101-20220114.pdf
2022-01-02,2021,Winter Chinook,0,NA,NA,NA,USFWS Biweekly20220101-20220114.pdf
2022-01-03,2021,Winter Chinook,190,NA,71,75,USFWS Biweekly20220101-20220114.pdf
2022-01-04,2021,Winter Chinook,371,NA,86,102,USFWS Biweekly20220101-20220114.pdf
2022-01-05,2021,Winter Chinook,204,68,68,68,USFWS Biweekly20220101-20220114.pdf
2022-01-06,2021,Winter Chinook,46,98,98,98,USFWS Biweekly20220101-20220114.pdf
2022-01-07,2021,Winter Chinook,0,NA,NA,NA,USFWS Biweekly20220101-20220114.pdf
2022-01-08,2021,Winter Chinook,95,85,85,85,USFWS Biweekly20220101-20220114.pdf
2022-01-09,2021,Winter Chinook,46,115,115,115,USFWS Biweekly20220101-20220114.pdf
2022-01-10,2021,Winter Chinook,0,NA,NA,NA,USFWS Biweekly20220101-20220114.pdf
2022-01-11,2021,Winter Chinook,167,NA,60,82,USFWS Biweekly20220101-20220114.pdf
2022-01-12,2021,Winter Chinook,0,NA,NA,NA,USFWS Biweekly20220101-20220114.pdf
2022-01-13,2021,Winter Chinook,0,NA,NA,NA,USFWS Biweekly20220101-20220114.pdf
2022-01-14,2021,Winter Chinook,0,NA,NA,NA,USFWS Biweekly20220101-20220114.pdf
2022-01-15,2021,Winter Chinook,0,NA,NA,NA,USFWS Biweekly20220115-20220128.pdf
2022-01-16,2021,Winter Chinook,0,NA,NA,NA,USFWS Biweekly20220115-20220128.pdf
2022-01-17,2021,Winter Chinook,0,NA,NA,NA,USFWS Biweekly20220115-20220128.pdf
2022-01-18,2021,Winter Chinook,0,NA,NA,NA,USFWS Biweekly20220115-20220128.pdf
2022-01-19,2021,Winter Chinook,0,NA,NA,NA,USFWS Biweekly20220115-20220128.pdf
2022-01-20,2021,Winter Chinook,103,95,95,95,USFWS Biweekly20220115-20220128.pdf
2022-01-21,2021,Winter Chinook,0,NA,NA,NA,USFWS Biweekly20220115-20220128.pdf
2022-01-22,2021,Winter Chinook,0,NA,NA,NA,USFWS Biweekly20220115-20220128.pdf
2022-01-23,2021,Winter Chinook,336,NA,68,87,USFWS Biweekly20220115-20220128.pdf
2022-01-24,2021,Winter Chinook,0,NA,NA,NA,USFWS Biweekly20220115-20220128.pdf
2022-01-25,2021,Winter Chinook,0,NA,NA,NA,USFWS Biweekly20220115-20220128.pdf
2022-01-26,2021,Winter Chinook,0,NA,NA,NA,USFWS Biweekly20220115-20220128.pdf
2022-01-27,2021,Winter Chinook,0,NA,NA,NA,USFWS Biweekly20220115-20220128.pdf
2022-01-28,2021,Winter Chinook,0,NA,NA,NA,USFWS Biweekly20220115-20220128.pdf
2022-01-29,2021,Winter Chinook,0,NA,NA,NA,USFWS Biweekly20220129-20220211.pdf
2022-01-30,2021,Winter Chinook,0,NA,NA,NA,USFWS Biweekly20220129-20220211.pdf
2022-01-31,2021,Winter Chinook,0,NA,NA,NA,USFWS Biweekly20220129-20220211.pdf
2022-02-01,2021,Winter Chinook,0,NA,NA,NA,USFWS Biweekly20220129-20220211.pdf
2022-02-02,2021,Winter Chinook,0,NA,NA,NA,USFWS Biweekly20220129-20220211.pdf
2022-02-03,2021,Winter Chinook,0,NA,NA,NA,USFWS Biweekly20220129-20220211.pdf
2022-02-04,2021,Winter Chinook,79,125,125,125,USFWS Biweekly20220129-20220211.pdf
2022-02-05,2021,Winter Chinook,0,NA,NA,NA,USFWS Biweekly20220129-20220211.pdf
2022-02-06,2021,Winter Chinook,0,NA,NA,NA,USFWS Biweekly20220129-20220211.pdf
2022-02-07,2021,Winter Chinook,0,NA,NA,NA,USFWS Biweekly20220129-20220211.pdf
2022-02-08,2021,Winter Chinook,0,NA,NA,NA,USFWS Biweekly20220129-20220211.pdf
2022-02-09,2021,Winter Chinook,0,NA,NA,NA,USFWS Biweekly20220129-20220211.pdf
2022-02-10,2021,Winter Chinook,0,NA,NA,NA,USFWS Biweekly20220129-20220211.pdf
2022-02-11,2021,Winter Chinook,78,135,135,135,USFWS Biweekly20220129-20220211.pdf
2022-02-12,2021,Winter Chinook,0,NA,NA,NA,USFWS Biweekly20220212-20220225.pdf
2022-02-13,2021,Winter Chinook,134,NA,81,138,USFWS Biweekly20220212-20220225.pdf
2022-02-14,2021,Winter Chinook,0,NA,NA,NA,USFWS Biweekly20220212-20220225.pdf
2022-02-15,2021,Winter Chinook,0,NA,NA,NA,USFWS Biweekly20220212-20220225.pdf
2022-02-16,2021,Winter Chinook,0,NA,NA,NA,USFWS Biweekly20220212-20220225.pdf
2022-02-17,2021,Winter Chinook,32,85,85,85,USFWS Biweekly20220212-20220225.pdf
2022-02-18,2021,Winter Chinook,28,108,108,108,USFWS Biweekly20220212-20220225.pdf
2022-02-19,2021,Winter Chinook,0,NA,NA,NA,USFWS Biweekly20220212-20220225.pdf
2022-02-20,2021,Winter Chinook,0,NA,NA,NA,USFWS Biweekly20220212-20220225.pdf
2022-02-21,2021,Winter Chinook,0,NA,NA,NA,USFWS Biweekly20220212-20220225.pdf
2022-02-22,2021,Winter Chinook,0,NA,NA,NA,USFWS Biweekly20220212-20220225.pdf
2022-02-23,2021,Winter Chinook,0,NA,NA,NA,USFWS Biweekly20220212-20220225.pdf
2022-02-24,2021,Winter Chinook,0,NA,NA,NA,USFWS Biweekly20220212-20220225.pdf
2022-02-25,2021,Winter Chinook,28,110,110,110,USFWS Biweekly20220212-20220225.pdf
2022-02-26,2021,Winter Chinook,0,NA,NA,NA,USFWS Biweekly20220226-20220311.csv
2022-02-27,2021,Winter Chinook,0,NA,NA,NA,USFWS Biweekly20220226-20220311.csv
2022-02-28,2021,Winter Chinook,0,NA,NA,NA,USFWS Biweekly20220226-20220311.csv
2022-03-01,2021,Winter Chinook,0,NA,NA,NA,USFWS Biweekly20220226-20220311.csv
2022-03-02,2021,Winter Chinook,0,NA,NA,NA,USFWS Biweekly20220226-20220311.csv
2022-03-03,2021,Winter Chinook,0,NA,NA,NA,USFWS Biweekly20220226-20220311.csv
2022-03-04,2021,Winter Chinook,0,NA,NA,NA,USFWS Biweekly20220226-20220311.csv
2022-03-05,2021,Winter Chinook,38,147,147,147,USFWS Biweekly20220226-20220311.csv
2022-03-06,2021,Winter Chinook,0,NA,NA,NA,USFWS Biweekly20220226-20220311.csv
2022-03-07,2021,Winter Chinook,72,NA,88,124,USFWS Biweekly20220226-20220311.csv
2022-03-08,2021,Winter Chinook,0,NA,NA,NA,USFWS Biweekly20220226-20220311.csv
2022-03-09,2021,Winter Chinook,36,146,146,146,USFWS Biweekly20220226-20220311.csv
2022-03-10,2021,Winter Chinook,0,NA,NA,NA,USFWS Biweekly20220226-20220311.csv
2022-03-11,2021,Winter Chinook,0,NA,NA,NA,USFWS Biweekly20220226-20220311.csv
2022-03-12,2021,Winter Chinook,0,NA,NA,NA,USFWS Biweekly20220312-20220325.csv
2022-03-13,2021,Winter Chinook,0,NA,NA,NA,USFWS Biweekly20220312-20220325.csv
2022-03-14,2021,Winter Chinook,33,110,110,110,USFWS Biweekly20220312-20220325.csv
2022-03-15,2021,Winter Chinook,0,NA,NA,NA,USFWS Biweekly20220312-20220325.csv
2022-03-16,2021,Winter Chinook,0,NA,NA,NA,USFWS Biweekly20220312-20220325.csv
2022-03-17,2021,Winter Chinook,NA,NA,NA,NA,USFWS Biweekly20220312-20220325.csv
2022-03-18,2021,Winter Chinook,NA,NA,NA,NA,USFWS Biweekly20220312-20220325.csv
2022-03-19,2021,Winter Chinook,NA,NA,NA,NA,USFWS Biweekly20220312-20220325.csv
2022-03-20,2021,Winter Chinook,NA,NA,NA,NA,USFWS Biweekly20220312-20220325.csv
2022-03-21,2021,Winter Chinook,NA,NA,NA,NA,USFWS Biweekly20220312-20220325.csv
2022-03-22,2021,Winter Chinook,0,NA,NA,NA,USFWS Biweekly20220312-20220325.csv
2022-03-23,2021,Winter Chinook,0,NA,NA,NA,USFWS Biweekly20220312-20220325.csv
2022-03-24,2021,Winter Chinook,35,101,101,101,USFWS Biweekly20220312-20220325.csv
2022-03-25,2021,Winter Chinook,0,NA,NA,NA,USFWS Biweekly20220312-20220325.csv
2022-03-26,2021,Winter Chinook,0,NA,NA,NA,USFWS Biweekly20220326-20220408.csv
2022-03-27,2021,Winter Chinook,0,NA,NA,NA,USFWS Biweekly20220326-20220408.csv
2022-03-28,2021,Winter Chinook,0,NA,NA,NA,USFWS Biweekly20220326-20220408.csv
2022-03-29,2021,Winter Chinook,0,NA,NA,NA,USFWS Biweekly20220326-20220408.csv
2022-03-30,2021,Winter Chinook,0,NA,NA,NA,USFWS Biweekly20220326-20220408.csv
2022-03-31,2021,Winter Chinook,0,NA,NA,NA,USFWS Biweekly20220326-20220408.csv
2022-04-01,2021,Winter Chinook,0,NA,NA,NA,USFWS Biweekly20220326-20220408.csv
2022-04-02,2021,Winter Chinook,NA,NA,NA,NA,USFWS Biweekly20220326-20220408.csv
2022-04-03,2021,Winter Chinook,NA,NA,NA,NA,USFWS Biweekly20220326-20220408.csv
2022-04-04,2021,Winter Chinook,NA,NA,NA,NA,USFWS Biweekly20220326-20220408.csv
2022-04-05,2021,Winter Chinook,0,NA,NA,NA,USFWS Biweekly20220326-20220408.csv
2022-04-06,2021,Winter Chinook,0,NA,NA,NA,USFWS Biweekly20220326-20220408.csv
2022-04-07,2021,Winter Chinook,0,NA,NA,NA,USFWS Biweekly20220326-20220408.csv
2022-04-08,2021,Winter Chinook,0,NA,NA,NA,USFWS Biweekly20220326-20220408.csv
2022-04-09,2021,Winter Chinook,0,NA,NA,NA,USFWS Biweekly20220409-20220422.csv
2022-04-10,2021,Winter Chinook,0,NA,NA,NA,USFWS Biweekly20220409-20220422.csv
2022-04-11,2021,Winter Chinook,0,NA,NA,NA,USFWS Biweekly20220409-20220422.csv
2022-04-12,2021,Winter Chinook,51,141,141,141,USFWS Biweekly20220409-20220422.csv
2022-04-13,2021,Winter Chinook,31,150,150,150,USFWS Biweekly20220409-20220422.csv
2022-04-14,2021,Winter Chinook,0,NA,NA,NA,USFWS Biweekly20220409-20220422.csv
2022-04-15,2021,Winter Chinook,NA,NA,NA,NA,USFWS Biweekly20220409-20220422.csv
2022-04-16,2021,Winter Chinook,NA,NA,NA,NA,USFWS Biweekly20220409-20220422.csv
2022-04-17,2021,Winter Chinook,NA,NA,NA,NA,USFWS Biweekly20220409-20220422.csv
2022-04-18,2021,Winter Chinook,0,NA,NA,NA,USFWS Biweekly20220409-20220422.csv
2022-04-19,2021,Winter Chinook,0,NA,NA,NA,USFWS Biweekly20220409-20220422.csv
2022-04-20,2021,Winter Chinook,0,NA,NA,NA,USFWS Biweekly20220409-20220422.csv
2022-04-21,2021,Winter Chinook,0,NA,NA,NA,USFWS Biweekly20220409-20220422.csv
2022-04-22,2021,Winter Chinook,0,NA,NA,NA,USFWS Biweekly20220409-20220422.csv
2022-04-23,2021,Winter Chinook,0,NA,NA,NA,USFWS Biweekly20220423-20220506.csv
2022-04-24,2021,Winter Chinook,56,178,178,178,USFWS Biweekly20220423-20220506.csv
2022-04-25,2021,Winter Chinook,30,119,119,119,USFWS Biweekly20220423-20220506.csv
2022-04-26,2021,Winter Chinook,59,NA,152,170,USFWS Biweekly20220423-20220506.csv
2022-04-27,2021,Winter Chinook,0,NA,NA,NA,USFWS Biweekly20220423-20220506.csv
2022-04-28,2021,Winter Chinook,0,NA,NA,NA,USFWS Biweekly20220423-20220506.csv
2022-04-29,2021,Winter Chinook,0,NA,NA,NA,USFWS Biweekly20220423-20220506.csv
2022-04-30,2021,Winter Chinook,0,NA,NA,NA,USFWS Biweekly20220423-20220506.csv
2022-05-01,2021,Winter Chinook,0,NA,NA,NA,USFWS Biweekly20220423-20220506.csv
2022-05-02,2021,Winter Chinook,0,NA,NA,NA,USFWS Biweekly20220423-20220506.csv
2022-05-03,2021,Winter Chinook,0,NA,NA,NA,USFWS Biweekly20220423-20220506.csv
2022-05-04,2021,Winter Chinook,0,NA,NA,NA,USFWS Biweekly20220423-20220506.csv
2022-05-05,2021,Winter Chinook,0,NA,NA,NA,USFWS Biweekly20220423-20220506.csv
2022-05-06,2021,Winter Chinook,0,NA,NA,NA,USFWS Biweekly20220423-20220506.csv
2022-05-07,2021,Winter Chinook,0,NA,NA,NA,USFWS Biweekly20220507-20220520.csv
2022-05-08,2021,Winter Chinook,0,NA,NA,NA,USFWS Biweekly20220507-20220520.csv
2022-05-09,2021,Winter Chinook,0,NA,NA,NA,USFWS Biweekly20220507-20220520.csv
2022-05-10,2021,Winter Chinook,0,NA,NA,NA,USFWS Biweekly20220507-20220520.csv
2022-05-11,2021,Winter Chinook,0,NA,NA,NA,USFWS Biweekly20220507-20220520.csv
2022-05-12,2021,Winter Chinook,0,NA,NA,NA,USFWS Biweekly20220507-20220520.csv
2022-05-13,2021,Winter Chinook,0,NA,NA,NA,USFWS Biweekly20220507-20220520.csv
2022-05-14,2021,Winter Chinook,0,NA,NA,NA,USFWS Biweekly20220507-20220520.csv
2022-05-15,2021,Winter Chinook,0,NA,NA,NA,USFWS Biweekly20220507-20220520.csv
2022-05-16,2021,Winter Chinook,0,NA,NA,NA,USFWS Biweekly20220507-20220520.csv
2022-05-17,2021,Winter Chinook,0,NA,NA,NA,USFWS Biweekly20220507-20220520.csv
2022-05-18,2021,Winter Chinook,0,NA,NA,NA,USFWS Biweekly20220507-20220520.csv
2022-05-19,2021,Winter Chinook,0,NA,NA,NA,USFWS Biweekly20220507-20220520.csv
2022-05-20,2021,Winter Chinook,0,NA,NA,NA,USFWS Biweekly20220507-20220520.csv
2022-05-21,2021,Winter Chinook,0,NA,NA,NA,USFWS Biweekly20220521-20220603.csv
2022-05-22,2021,Winter Chinook,0,NA,NA,NA,USFWS Biweekly20220521-20220603.csv
2022-05-23,2021,Winter Chinook,0,NA,NA,NA,USFWS Biweekly20220521-20220603.csv
2022-05-24,2021,Winter Chinook,0,NA,NA,NA,USFWS Biweekly20220521-20220603.csv
2022-05-25,2021,Winter Chinook,30,147,147,147,USFWS Biweekly20220521-20220603.csv
2022-05-26,2021,Winter Chinook,0,NA,NA,NA,USFWS Biweekly20220521-20220603.csv
2022-05-27,2021,Winter Chinook,0,NA,NA,NA,USFWS Biweekly20220521-20220603.csv
2022-05-28,2021,Winter Chinook,0,NA,NA,NA,USFWS Biweekly20220521-20220603.csv
2022-05-29,2021,Winter Chinook,0,NA,NA,NA,USFWS Biweekly20220521-20220603.csv
2022-05-30,2021,Winter Chinook,NA,NA,NA,NA,USFWS Biweekly20220521-20220603.csv
2022-05-31,2021,Winter Chinook,NA,NA,NA,NA,USFWS Biweekly20220521-20220603.csv
2022-06-01,2021,Winter Chinook,0,NA,NA,NA,USFWS Biweekly20220521-20220603.csv
2022-06-02,2021,Winter Chinook,0,NA,NA,NA,USFWS Biweekly20220521-20220603.csv
2022-06-03,2021,Winter Chinook,0,NA,NA,NA,USFWS Biweekly20220521-20220603.csv
2022-06-04,2021,Winter Chinook,0,NA,NA,NA,USFWS Biweekly20220604-20220617.csv
2022-06-05,2021,Winter Chinook,0,NA,NA,NA,USFWS Biweekly20220604-20220617.csv
2022-06-06,2021,Winter Chinook,0,NA,NA,NA,USFWS Biweekly20220604-20220617.csv
2022-06-07,2021,Winter Chinook,0,NA,NA,NA,USFWS Biweekly20220604-20220617.csv
2022-06-08,2021,Winter Chinook,0,NA,NA,NA,USFWS Biweekly20220604-20220617.csv
2022-06-09,2021,Winter Chinook,0,NA,NA,NA,USFWS Biweekly20220604-20220617.csv
2022-06-10,2021,Winter Chinook,0,NA,NA,NA,USFWS Biweekly20220604-20220617.csv
2022-06-11,2021,Winter Chinook,0,NA,NA,NA,USFWS Biweekly20220604-20220617.csv
2022-06-12,2021,Winter Chinook,0,NA,NA,NA,USFWS Biweekly20220604-20220617.csv
2022-06-13,2021,Winter Chinook,0,NA,NA,NA,USFWS Biweekly20220604-20220617.csv
2022-06-14,2021,Winter Chinook,0,NA,NA,NA,USFWS Biweekly20220604-20220617.csv
2022-06-15,2021,Winter Chinook,0,NA,NA,NA,USFWS Biweekly20220604-20220617.csv
2022-06-16,2021,Winter Chinook,0,NA,NA,NA,USFWS Biweekly20220604-20220617.csv
2022-06-17,2021,Winter Chinook,0,NA,NA,NA,USFWS Biweekly20220604-20220617.csv
